Ingredient,fragrance,modifier
angelica seed oil,머스크향,상쾌하고 테르페닉한
"isobutyl (E,E)-2,4-decadienamide",스파이시향,허벌한
ethyl furaneol,캔디향,달콤한 카라멜 같은
hydroxycitronellal dimethyl acetal,백합향,매끈하고 초록빛
rose concrete (rosa damascena),장미향,풍부하고 깊은
bean hexene,나무껍질향,상쾌하고 초록빛
lily propanol,백합향,화사하고 초록빛
bitter orangeflower absolute tunisia,풀잎향,달콤한
musk ether,머스크향,달콤하고 파우더리한
2-undecenal,오렌지향,상쾌하고 프루티한
earthy acetal,풀잎향,자연스러운 화사한
isobutyl ionone,베티버향,우디하고 흙내 나는
octanal diethyl acetal,풀잎향,시트러스 윤기나는
farnesyl acetate,난초향,초록빛 화사한
(Z)-4-heptenal,풀잎향,윤기나는 부드러운
"methyl benzyl acetate (mixed ortho-,meta-,para-)",꽃향,달콤하고 프루티한
gamma-octalactone,코코넛향,달콤하고 매끈한
amber spirolene,베티버향,드라이하고 우디한
amyris wood oil,발삼향,달콤하고 우디한
waxy acetate,장미향,달콤하고 매끈한
2-phenyl-2-pentenal,히아신스향,화사하고 초록빛
phenethyl propionate,장미향,화사하고 붉은
butyl acetoacetate,과일향,달콤하고 발효된
hexanal (aldehyde C-6),풀잎향,상쾌하고 부드러운
rose absolute (rosa damascena) bulgaria,장미향,화사하고 매끈한
dodecanal (aldehyde C-12 lauric),비누향,매끈하고 세련된
balsam ketone,라브다넘향,허벌한 발삼 같은
musk nonane,머스크향,달콤하고 윤기나는
cis-carveol,캐러웨이향,
hyacinth butanal,초목향,초록빛 허벌한
isovaleraldehyde diethyl acetal,과일향,부드러운
dimethyl octenone,자몽향,쌉쌀하고 상쾌한
isobutyl phenyl acetate,꿀향,달콤하고 화사한
acetyl tributyl citrate,와인향,허벌하고 달콤한
methyl cyclogeranate (Firmenich),장뇌향,자연스러운 허벌한
sandal hexanol,샌달우드향,깨끗하고 달콤한
decanol,오렌지향,부드럽고 매끈한
butyl angelate,와인향,프루티하고 스파이시한
2-isobutyl-3-methoxypyrazine,후추향,초록빛 초록빛
mango thiol,베리향,유황빛 초록빛
phenoxyacetaldehyde 50% in benzyl alcohol,나무껍질향,상쾌하고 초록빛
(E)-geranyl linalool,장미향,은은하고 화사한
(Z)-3-hexen-1-yl anthranilate,포도향,달콤하고 초록빛
para-anisyl acetaldehyde,산사나무꽃향,
(E)-2-hexen-1-yl phenyl acetate,럼향,초록빛 축축한
"phenyl acetaldehyde 2,3-butylene glycol acetal",꽃향,달콤하고 흙내 나는
hexanal dibutyl acetal,풀잎향,
L-(-)-alpha-pinene,소나무향,날카로운 따뜻한
saffron pyranone,견과향,쌉쌀하고 고소한
geranyl benzoate,일랑일랑향,달콤한 앰버 같은
cypress leaf oil,소나무향,상쾌하고 우디한
para-anisyl butyrate,꽃향,버터리하고 아니시한
"2,3-dimethyl benzofuran",담배잎향,약용의
benzaldehyde / methyl anthranilate schiff's base,체리향,달콤하고 프루티한
isopulegyl formate,나뭇잎향,시원하고 초록빛
ethyl vanillate,연기향,약용의 그을린
phthalide,통카향,달콤하고 파우더리한
amber carane,앰버향,우디하고 스파이시한
tropical 3-thiobutyrate,과일향,트로피컬하고 프루티한
fusel oil,나무향,달콤하고 프루티한
"3,5,5-trimethyl hexanol",풀잎향,초록빛 화사한
allspice berry oil,정향향,달콤하고 스파이시한
"2,3-heptane dione",버터향,윤기나는 상쾌한
sweet orange peel oil c.p. china,껍질향,상쾌한 오렌지 같은
para-vanillyl alcohol,바닐라향,달콤하고 크리미한
sweet orange peel oil terpeneless,오렌지향,시트러스 세련된
4-methyl cyclohexene,시트러스향,
isodecyl acetate,커민향,상쾌하고 시트러스
pine hexanol,소나무향,시원하고 약용의
isopropyl phenyl acetate,인동꽃향,달콤하고 파우더리한
petitgrain oil morocco,베르가못향,상쾌하고 달콤한
ortho-acetanisole,아몬드향,파우더리하고 아니시한
valeraldehyde,베리향,발효되고 프루티한
decanal / methyl anthranilate schiff's base,오렌지향,상쾌하고 부드러운
cedanol,시더향,우디하고 발사믹한
ethyl nonanoate,장미향,프루티하고 매끈한
lavender oil bulgaria,로즈마리향,허벌하고 화사한
laevo-menthol,페퍼민트향,시원하고 멘톨릭한
citronellyl isovalerate,꿀향,허벌하고 검은
(Z)-4-dodecenal,시트러스향,세련되고 프루티한
hexyl cinnamate,발삼향,프루티한 사이프러스 같은
citrus propanol,장미향,상쾌하고 달콤한
sweet orange peel oil folded florida,오렌지향,달콤하고 상쾌한
phenyl propyl phenyl acetate,발삼향,초록빛 스파이시한
(E)-2-hexen-1-ol,바나나향,상쾌하고 초록빛
rosemary oil spain,허브향,캄포릭하고 우디한
geranyl isovalerate,사과향,초록빛 프루티한
prenyl isobutyrate,블루베리향,프루티하고 말린
methyl cedryl ketone,앰버향,우디한 베티버 같은
prenyl acetate,바나나향,달콤하고 상쾌한
isopropyl thioisovalerate,갈바눔향,초록빛 유황빛
2-acetyl thiazole,헤이즐넛향,고소하고 로스팅된
lime octadienal,라임향,매끈하고 시트러스
herbal undecane,유칼립투스향,허벌하고 우디한
phytyl acetate,난초향,은은하고 매끈한
ginger root oil,생강향,스파이시하고 우디한
ethyl 2-hydroxy-3-methyl valerate,베리향,프루티한
phenyl acetic acid,꿀향,달콤하고 화사한
1-nonen-3-ol,버섯향,윤기나는 크리미한
hexyl propionate,배향,초록빛 프루티한
3-octanone,라벤더향,상쾌하고 허벌한
"3,7-dimethyl-6-octenoic acid",풀잎향,초록빛 스모키한
2-decen-1-ol,장미향,매끈하고 상쾌한
alpha-angelica lactone,통카향,달콤하고 고소한
allyl cyclohexyl propionate,파인애플향,달콤하고 트로피컬한
acetyl nonyryl,밀랍향,세련되고 크리미한
allyl cyclohexyl butyrate,파인애플향,부드럽고 프루티한
citronellyl butyrate,제라늄향,달콤하고 프루티한
agarwood oil,발삼향,달콤하고 우디한
clary sage resin america,클라리세이지향,자연스러운 초록빛
prenyl hexanoate,과일향,초록빛
(E)-2-nonenal,오이향,부드럽고 초록빛
ethyl octanoate,와인향,프루티하고 매끈한
allyl propionate,바나나향,몽환적이고 프루티한
ethyl safranate,장미향,상쾌하고 자연스러운
bisabolene,발사믹향,시트러스 스파이시한
phenethyl alcohol,장미향,화사하고 말린
2-acetyl pyrazine,헤이즐넛향,고소한 초콜릿 같은
ethyl (E)-4-octenoate,배향,프루티하고 시트러스
ethyl lactate,버터스카치향,날카로운 프루티한
sandal cyclopentane,샌달우드향,허벌하고 매끈한
artemisia pallens herb oil,베리향,프루티하고 무르익은
muguet octadienol,백합향,달콤하고 화사한
sandal butenol,샌달우드향,크리미하고 우디한
fenchyl acetate,소나무향,상쾌하고 달콤한
methyl vanillate,바닐라향,따뜻하고 스파이시한
dimethyl ionone,오리스향,우디하고 파우더리한
musk dec-7(8)-enone,머스크향,발사믹하고 파우더리한
homogeranyl nitrile,레몬향,
phenyl propyl valerate,딸기향,프루티하고 화사한
siam benzoin resin,바닐라향,달콤하고 우디한
1-para-menthen-9-yl acetate,과일향,따뜻하고 허벌한
verbenone,장뇌향,
(E)-benzyl tiglate,버섯향,발사믹하고 흙내 나는
tolu balsam,앰버향,달콤하고 발사믹한
(Z)-3-hexen-1-yl isobutyrate,배향,프루티하고 초록빛
watermelon ketone,멜론향,상쾌하고 촉촉한
ambrettolide,비누향,달콤하고 프루티한
furfuryl acetate,바나나향,달콤하고 프루티한
linalyl formate,베르가못향,시트러스 허벌한
decyl anthranilate,네롤리향,화사한 포도 같은
ethyl vanillin hexylene glycol acetal,바닐라향,달콤하고 크리미한
(Z)-3-hexen-1-yl isovalerate,사과향,상쾌하고 초록빛
4-ethyl guaiacol,정향향,스파이시하고 스모키한
rose absolute (rosa damascena) turkey,장미향,화사하고 매끈한
clary sage absolute,건초향,허벌하고 화사한
indole,꽃향,
bergamot oil terpenes,베르가못향,화사한
vetiver oil terpenes,뿌리향,달콤하고 매끈한
(Z)-6-nonen-1-ol,멜론향,상쾌하고 초록빛
cinnamon bark oil,꿀향,달콤하고 스파이시한
pentenyl cyclopentanone,자스민향,가볍고 화사한
terpinyl valerate,과일향,화사한
ginger root oil terpeneless africa,생강향,
octyl butyrate,자스민향,상쾌하고 매끈한
dianthus ethone,카네이션향,달콤하고 화사한
3-octen-2-one,버섯향,흙내 나는 스파이시한
dihydrocarveol,스피어민트향,시원하고 허벌한
amyl 2-methyl butyrate,사과향,프루티하고 트로피컬한
alpha-naphthyl methyl ketone,네롤리향,달콤하고 파우더리한
benzyl acetoacetate,꽃향,달콤하고 프루티한
para-cresyl caprylate,일랑일랑향,초록빛 건초 같은
dimethyl alpha-ionone,제비꽃향,화사하고 달콤한
ethyl isoeugenol,정향향,스파이시한 카네이션 같은
salvia sclarea oil,차향,상쾌하고 허벌한
cistus cyclohexanone,꿀향,톡쏘는 라브다넘 같은
conifer acetate,발삼향,우디하고 달콤한
musk gx 50% in DEP,머스크향,달콤하고 화사한
isopropyl acetate,바나나향,프루티하고 달콤한
dimethyl cyclormol (IFF),장뇌향,흙내 나는 우디한
orange oil terpenes,오렌지향,상쾌하고 촉촉한
"(E,Z)-3,6-nonadien-1-ol",오이향,부드럽고 초록빛
geosmin,흙향,상쾌하고 오래된
ethyl phenyl acetate,꿀향,달콤하고 화사한
frankincense resinoid,향나무향,고풍스러운 테르페닉한
alpha-amyl cinnamyl formate,허브향,달콤하고 윤기나는
"2,6-dimethoxyphenol",연기향,약용의 발사믹한
isobutyric acid,치즈향,새콤하고 버터리한
isopropyl octanoate,바나나향,
mandarine undecenal,향,세련되고 매끈한 비 온 뒤
geranium thiazole,제라늄향,초록빛 붉은
rosemary oil morocco,허브향,캄포릭하고 우디한
"(E+Z)-4,8-dimethyl-3,7-nonadien-2-yl acetate",레몬향,시트러스 흙내 나는
3-heptanone,풀잎향,부드럽고 프루티한
hydroxycitronellol,백합향,은은하고 깨끗한
gamma-hexalactone,코코넛향,허벌하고 달콤한
isoamyl propionate,바나나향,달콤하고 프루티한
star anise seed oil china,아니스향,달콤하고 레지너스한
dimethyl benzyl carbinyl propionate,자스민향,달콤하고 자연스러운
tangerine acetate,귤향,초록빛 시트러스
elder flower absolute (sambucus canadensis and s. nigra),허브향,달콤하고 스파이시한
juniper lactone,발삼향,달콤한 머스크 같은
para-dimethyl hydroquinone,건초향,달콤하고 초록빛
orris butenone,오리스향,화사하고 우디한
cinnamaldehyde propylene glycol acetal,시나몬향,스파이시한
dextro-fenchone,장뇌향,허벌하고 흙내 나는
methoxycitronellal,멜론향,상쾌하고 화사한
cinnamon bark oil (cinnamomum zeylanicum) sri lauka,시나몬향,달콤하고 스파이시한
methyl heptanoate,과일향,달콤하고 초록빛
benzyl hexanoate,살구향,초록빛 프루티한
octyl propionate,버섯향,달콤하고 프루티한
elder flower oil,발삼향,달콤한 꿀 같은
plum damascone,장미향,화사한 자두 같은
nutmeg absolute,스파이시향,발사믹하고 우디한
chrysanthemum carbaldehyde,국화향,초록빛 세련된
peppermint oil terpenes,페퍼민트향,상쾌한
N-/i-undecanal,시트러스향,상쾌하고 매끈한
styralyl butyrate,베리향,달콤하고 프루티한
para-methyl anisole,일랑일랑향,파우더리하고 고소한
lime oil distilled peru,라임향,상쾌하고 달콤한
octyl 2-methyl butyrate,밀랍향,프루티하고 초록빛
neryl butyrate,나뭇잎향,초록빛 매끈한
bornyl isobutyrate,소나무향,고소한 장뇌 같은
"2,3,5-trimethyl pyrazine",견과향,고소하고 흙내 나는
heliotropyl diethyl acetal,꽃향,은은하고 달콤한
butyl propionate,장미향,흙내 나는 달콤한
ethyl ethyl anthranilate,귤향,프루티한 네롤리 같은
allyl butyrate,파인애플향,달콤하고 톡쏘는
octanal dimethyl acetal,장미향,시트러스 화사한
black pepper oleoresin,후추향,상쾌하고 검은
bornyl salicylate,소나무향,초록빛 상쾌한
dihydroanethol,감초향,달콤한 아니스 같은
birch tar oil,나무향,스모키하고 그을린
methyl phenyl acetate,꿀향,달콤하고 화사한
homoanisaldehyde,스파이시향,달콤하고 화사한
"(E,Z)-2,6-nonadienal",오이향,초록빛 부드러운
cassie absolute,향신료향,상쾌하고 달콤한
hawthorn carbinol,산사나무꽃향,달콤하고 화사한
butyl levulinate,카라멜향,프루티하고 허벌한
spicy acrolein,향신료향,따뜻한
butyl isovalerate,사과향,달콤하고 초록빛
3-thiohexanol,과일향,유황빛 트로피컬한
thyme absolute,허브향,깊고 달콤한
geranium oil china,장미향,화사하고 초록빛
galbanum oil,나무껍질향,상쾌하고 초록빛
isopulegone,페퍼민트향,상쾌하고 허벌한
dextro-neomenthol,민트향,멘톨릭하고 달콤한
10-undecen-1-ol,향,상쾌하고 화사한 비 온 뒤
(Z)-3-hexenal diethyl acetal,사과향,자연스러운
zingerone,생강향,달콤하고 스파이시한
papaya isobutyrate,제라늄향,화사하고 초록빛
benzyl propionate,바나나향,달콤하고 프루티한
caryophyllene alcohol acetate,시더향,상쾌하고 날카로운
ethyl methyl-para-tolyl glycidate,베리향,화사하고 초록빛
coriander heptenol,풀잎향,달콤하고 윤기나는
lilac acetaldehyde,나무껍질향,상쾌하고 달콤한
propyl tiglate,사과향,초록빛 프루티한
alpha-santalene,나무향,
labdanum oil,나무향,우디하고 고풍스러운
heptanal cyclic ethylene acetal,나무껍질향,상쾌하고 초록빛
tolualdehyde glyceryl acetal,아몬드향,은은하고 쌉쌀한
geranyl ethyl acetal,바닐라향,달콤하고 크리미한
santall,샌달우드향,우디하고 깨끗한
acetyl propionyl,버터향,톡쏘는 달콤한
beta-homocyclocitral,베리향,캄포릭하고 시원한
heptanal (aldehyde C-7),향,상쾌하고 세련된 비 온 뒤
amber dioxane,앰버향,드라이하고 메마른
violet nitrile,제비꽃향,초록빛 화사한
acetaldehyde di-(Z)-3-hexen-1-yl acetal,풀잎향,싱그러운 허벌한
tuberose absolute (from pommade),인동꽃향,화사하고 달콤한
musk indane,머스크향,달콤하고 파우더리한
patchouli oil,나무향,우디하고 고풍스러운
2-octenal,풀잎향,부드럽고 허벌한
citronellal / methyl anthranilate schiff's base,풀잎향,상쾌하고 시트러스
3-nonanone,자스민향,상쾌하고 달콤한
tetrahydrofurfuryl cinnamate,나무껍질향,달콤한 발삼 같은
pinocarveol,장뇌향,허벌하고 우디한
cocoa hexenal,코코아향,세련되고 쌉쌀한
ethyl benzoate,과일향,드라이하고 오래된
isopropyl propionate,파인애플향,프루티하고 달콤한
2-undecanone,오리스향,매끈하고 프루티한
(Z)-pinane,소나무향,상쾌하고 허벌한
ethyl pyruvate,럼향,프루티하고 달콤한
decyl butyrate,장미향,달콤하고 프루티한
veratraldehyde,바닐라향,달콤하고 우디한
piperitenone,민트향,날카로운 약용의
isobutyl valerate,과일향,몽환적인
(E)-2-hexen-1-yl acetate,사과향,달콤하고 초록빛
costus valerolactone,코코넛향,따뜻하고 부드러운
rhodinyl isovalerate,장미향,붉은
allyl isovalerate,바나나향,달콤하고 프루티한
indisan (IFF),샌달우드향,깨끗하고 달콤한
"3,6-nonadien-1-yl acetate",멜론향,달콤하고 매끈한
linalyl phenyl acetate,꿀향,달콤한 장미 같은
butyl tiglate,꽃향,허벌하고 따뜻한
(E)-2-decen-1-ol,장미향,매끈하고 상쾌한
maltyl isobutyrate,딸기향,달콤하고 프루티한
valeraldehyde propylene glycol acetal,견과향,부드러운
osmanthus flower absolute,자두향,달콤하고 프루티한
nonisyl propionate,라벤더향,화사하고 허벌한
isoamyl formate,자두향,검고 몽환적인
dextro-camphor,장뇌향,시원하고 약용의
methyl (E)-3-hexenoate,꿀향,달콤하고 초록빛
ethyl vanillin isobutyrate,바닐라향,달콤하고 크리미한
marine pyridine,상쾌한,
"(E,Z)-2,6-nonadien-1-ol",오이향,초록빛 윤기나는
isoamyl nonanoate,살구향,프루티하고 윤기나는
orris pyridine 25% IPM,오리스향,화사하고 상쾌한
thujyl alcohol,스파이시향,시원하고 캄포릭한
isobutyl anthranilate,포도향,달콤하고 프루티한
lime oil distilled terpeneless,라임향,
(Z)-3-hexen-1-yl (E)-crotonate,채소향,초록빛
grapefruit oil terpenes,자몽향,상쾌하고 달콤한
gamma-undecalactone (aldehyde C-14 (so-called)),복숭아향,프루티하고 크리미한
lemon oil folded,레몬향,달콤하고 상쾌한
meta-cresol,가죽향,약용의 우디한
4-ethyl phenol,약용의,
isobutyl formate,과일향,달콤한
alpha-bisabolene,발사믹향,스파이시하고 화사한
dihydrojasmone lactone,코코넛향,상쾌하고 매끈한
methyl ionyl acetate,제비꽃향,파우더리하고 우디한
amber formate,앰버향,드라이하고 우디한
cis-galbanum oxathiane,갈바눔향,유황빛 초록빛
ethyl benzoyl acetate,체리향,프루티하고 약용의
"tricyclo(5.2.1.02,6)dec-3-enyl acetate",시더향,초록빛 우디한
ethyl cyclohexane propionate,파인애플향,프루티하고 달콤한
"2,4-dimethyl benzaldehyde",체리향,
linalyl cinnamate,백합향,달콤한 발삼 같은
"(Z,Z)-3,6-nonadien-1-ol",오이향,달콤하고 초록빛
(+)-alpha-terpineol,라일락향,화사한
(E)-cinnamyl alcohol,발삼향,달콤하고 스파이시한
cyclamen aldehyde / methyl anthranilate schiff's base,네롤리향,상쾌한 백합 같은
para-cresyl isobutyrate,백합향,화사하고 초록빛
5-methyl-5-hexen-2-one,채소향,초록빛 초목 같은
octyl heptanoate,과일향,부드러운
methyl cinnamate,딸기향,달콤한 발삼 같은
laevo-monomenthyl glutarate,민트향,
delta-nonalactone,코코넛향,크리미하고 달콤한
hexanol,과일향,몽환적이고 달콤한
decyl vinyl ether,장미향,깨끗하고 매끈한
"ethyl (E,Z)-2,4-decadienoate",배향,초록빛 매끈한
4-tert-butyl cyclohexane carboxaldehyde,꽃향,우디한
cyclohexyl propionate,바나나향,달콤하고 프루티한
ethyl ortho-anisate,일랑일랑향,화사하고 프루티한
beta-thujone,시더잎향,
guaiyl acetate,차향,우디하고 스파이시한
citronellyl oxyacetaldehyde,인동꽃향,상쾌하고 달콤한
castoreum absolute,나무향,스모키하고 약용의
(E)-2-decenal,버섯향,매끈하고 부드러운
cyclohexanone diethyl acetal,럼향,프루티하고 우디한
sabinene hydrate,유칼립투스향,시원하고 초록빛
dibenzyl ketone,아몬드향,쌉쌀한
para-methoxy-alpha-methyl cinnamaldehyde,시나몬향,스파이시하고 화사한
filbert hexenone,치즈향,달콤한 베리 같은
clary sage oil russia,차향,상쾌하고 허벌한
clove bud oleoresin,정향향,달콤한
eicosane,밀랍향,
allyl nonanoate,와인향,달콤하고 매끈한
nonan-3-yl acetate,허브향,프루티하고 몽환적인
woody cyclohexanone,나무향,우디하고 고풍스러운
isobutyl methyl anthranilate,포도향,프루티한 자몽 같은
octyl isovalerate,장미향,은은하고 따뜻한
(E)-beta-farnesene,나무향,시트러스 허벌한
para-anisyl phenyl acetate,꿀향,우디한 아니스 같은
beta-naphthyl ethyl ether,오렌지향,화사하고 파우더리한
"(E,E)-allyl sorbate",파인애플향,프루티한
isovaleraldehyde,초콜릿향,몽환적이고 세련된
terpinyl formate,라벤더향,화사하고 시트러스
laevo-verbenone,장뇌향,스파이시한 민트 같은
para-methyl cinnamaldehyde,시나몬향,스파이시한
amber decatriene,용연향,우디하고 드라이한
white thyme oil,타임향,허벌하고 캄포릭한
(Z)-3-nonen-1-ol,멜론향,상쾌하고 매끈한
3-benzyl-4-heptanone,베리향,프루티하고 말린
cistus ladaniferus gum,나무향,달콤하고 드라이한
neryl acetate,장미향,화사하고 시트러스
2-acetyl-3-methyl pyrazine,견과향,고소하고 로스팅된
alpha-irone,오리스향,화사하고 우디한
homomenthyl acetate,정향향,달콤하고 시원한
diosphenol,커런트향,시원하고 검은
ortho-methoxybenzyl ethyl ether,차향,초록빛 스파이시한
gelsone (IFF),자스민향,프루티하고 매끈한
para-anisyl methyl ketone,감초향,달콤하고 프루티한
herbal undecanol,로즈마리향,허벌하고 트로피컬한
3-heptanol,허브향,
tangerine oil terpenes,귤향,달콤하고 상쾌한
fir needle oil canada,발삼향,상쾌하고 우디한
peppermint oil idaho,캔디향,시원하고 초록빛
isopropyl alcohol,나무향,오래된
spearmint oil,민트향,초록빛 시원한
tea tree oil,넛맥향,시트러스 스파이시한
blackberry thiophenone,베리향,프루티한
dimethyl benzyl carbinyl isobutyrate,잼향,프루티한 자스민 같은
cedrol,나무향,드라이하고 달콤한
ethyl acetate,과일향,몽환적이고 달콤한
ethyl linalyl acetate,베르가못향,화사하고 프루티한
hexanal diethyl acetal,코냑향,화사하고 프루티한
violet decenol,제비꽃향,초록빛 윤기나는
lime oil distilled,라임향,상쾌하고 달콤한
propyl cinnamate,앰버향,오래된
delta-decalactone,코코넛향,상쾌하고 달콤한
woody dodecane,파촐리향,우디한 시더 같은
heptyl cinnamate,히아신스향,초록빛
delta-dodecalactone,복숭아향,상쾌하고 달콤한
"dextro,laevo-borneol",소나무향,우디하고 발사믹한
acetyl tetralin,포도향,화사한 머스크 같은
caramel pentadione,카라멜향,달콤한 메이플 같은
cinnamon oleoresin ceylon,시나몬향,우디한 향신료 같은
cyclamen propanal,시클라멘향,상쾌하고 촉촉한
"(1S,5R)-myrtenyl acetate",허브향,상쾌하고 달콤한
cocoa pentenal,코코아향,달콤하고 고소한
amyl benzoate,앰버향,화사하고 초록빛
"1,2-cyclohexane dione",메이플향,달콤한 견과 같은
hexanal dihexyl acetal,풀잎향,은은하고 초록빛
isobutyl alcohol,나무껍질향,몽환적이고 와이니한
delta-undecalactone,코코넛향,크리미하고 프루티한
methyl beta-ionol,베리향,프루티한
grape butyrate,포도향,프루티하고 초록빛
santalyl acetate,오리스향,우디하고 화사한
menthyl isovalerate,과일향,시원하고 달콤한
gamma-valerolactone,담배잎향,허벌하고 달콤한
benzyl laurate,비누향,가볍고 부드러운
(Z)-ethyl oleate,밀랍향,부드럽고 윤기나는
benzyl methyl ether,일랑일랑향,프루티하고 몽환적인
amyl salicylate,클로버향,허벌하고 화사한
hexyl (E)-tiglate,카라멜향,달콤하고 초록빛
pinacol,파촐리향,우디하고 흙내 나는
peppermint oil terpeneless,페퍼민트향,상쾌하고 달콤한
coffee difuran,커피향,유황빛 로스팅된
ethyl 4-pentenoate,카라멜향,따뜻하고 초록빛
vanilla bean absolute (vanilla spp.),바닐라향,달콤하고 상쾌한
eugenyl acetate,정향향,상쾌하고 달콤한
isopropenyl acetate,베리향,몽환적이고 프루티한
isoamyl acetate,바나나향,달콤하고 프루티한
marine hexane,후추향,상쾌하고 초록빛
cistus ladaniferus resinoid,나무향,달콤하고 드라이한
ortho-cresyl salicylate,유칼립투스향,허벌한
isoamyl 3-(2-furan) propionate,사과향,달콤하고 초록빛
epoxidized cedarwood oil,시더향,깨끗하고 우디한
rose butanoate,장미향,화사하고 초록빛
strawberry furanone butyrate,과일향,달콤하고 몽환적인
"2,5-dimethyl pyrazine",코코아향,로스팅되고 우디한
methyl undecanoate,밀랍향,부드럽고 프루티한
nutmeg oil hydrodistilled india,넛맥향,스파이시한
cinnamyl acetate,발삼향,달콤하고 화사한
gardenia amide,시더향,상쾌하고 우디한
2-methyl butyl 2-methyl butyrate,베리향,달콤하고 프루티한
musk lactone,향나무향,달콤하고 윤기나는
musk dione,머스크향,
4-methyl 4-mercaptopentan-2-one 1% solution,커런트향,유황빛 검은
ethyl undecylenate,비누향,매끈하고 프루티한
(Z)-3-hexen-1-yl octanoate,난초향,초록빛 싱그러운
(R)-(+)-pulegone,페퍼민트향,상쾌하고 허벌한
3-heptyl dihydro-5-methyl-2(3H)-furanone,자두향,크리미하고 초록빛
para-methyl acetophenone,미모사향,달콤한 산사나무꽃 같은
patchouli hexanol,파촐리향,우디하고 오래된
coranol (Firmenich),장미향,화사한
acetaldehyde butyl phenethyl acetal,채소향,초록빛 싱그러운
3-octyl formate,채소향,프루티하고 초록빛
(+)-alpha-campholenic aldehyde,앰버향,허벌하고 초록빛
chamomile oil morocco,허브향,상쾌하고 캄포릭한
methyl acetoacetate,과일향,상쾌하고 시트러스
2-methyl decanal (aldehyde C-11 MOA),시트러스향,상쾌하고 드라이한
phenethyl pivalate,장미향,
cuminyl acetaldehyde,은방울꽃향,상쾌하고 화사한
cedarwood oil virginia,시더향,우디하고 윤기나는
citronellyl senecioate,장미향,은은하고 붉은
"1,8-cineole",유칼립투스향,허벌하고 약용의
muguet nitrile,은방울꽃향,시트러스 화사한
2-phenyl propyl tetrahydrofuran,오이향,프루티하고 초록빛
alpha-gurjunene,나무향,
meta-cresyl phenyl acetate,일랑일랑향,화사한
butyl 2-decenoate,풀잎향,부드럽고 윤기나는
carvyl propionate,스피어민트향,시원하고 프루티한
3-acetyl pyridine,산사나무꽃향,달콤하고 고소한
(S)-campholene acetate,라벤더향,달콤하고 상쾌한
dimethyl succinate,과일향,초록빛 화사한
alfalfa absolute,풀잎향,초록빛
1-benzoyl acetone,발삼향,우디하고 드라이한
frankincense oil,향나무향,테르페닉하고 알싸한
ginger root oil china,생강향,스파이시하고 시트러스
(Z)-2-penten-1-ol,체리향,초록빛 약용의
"(E,Z)-2,6-nonadienal diethyl acetal",오이향,초록빛 상쾌한
cinnamyl isobutyrate,아몬드향,달콤하고 프루티한
ginger root oil CO2 extract,생강향,스파이시한
geranyl 2-methyl butyrate,장미향,프루티한 사과 같은
1-octen-3-yl butyrate,난초향,프루티하고 화사한
clove stem oil,스파이시향,향긋하고 우디한
methyl para-anisate,아니스향,허벌하고 달콤한
cinnamaldehyde ethylene glycol acetal,시나몬향,부드럽고 따뜻한
nutmeg oil,넛맥향,스파이시하고 우디한
1-octen-3-ol,버섯향,흙내 나는 초록빛
"cis-carvone-5,6-oxide",캐러웨이향,달콤하고 스파이시한
coffee dione,설탕향,그을린 커피 같은
sclareol,발삼향,달콤하고 우디한
nonanoic acid,치즈향,매끈한
9-decen-1-ol,장미향,매끈하고 상쾌한
ethyl para-anisate,과일향,
beta-irone,제비꽃향,상쾌하고 달콤한
neryl isovalerate,장미향,화사하고 시트러스
hexyl isovalerate,사과향,달콤하고 초록빛
neroli ketone,나무껍질향,싱그러운 초록빛
muguet ethanol,은방울꽃향,화사하고 매끈한
dodecyl acetate,밀랍향,달콤하고 상쾌한
isoamyl 2-methyl butyrate,체리향,달콤하고 프루티한
vetiverol,발삼향,달콤하고 우디한
(-)-alpha-fenchol,흙향,우디한
green oxane,스파이시향,우디하고 프루티한
heptyl benzoate,세이지향,초록빛
ethyl (Z)-4-octenoate,파인애플향,상쾌하고 촉촉한
ethyl acetoacetate,사과향,상쾌하고 프루티한
pine oil 60,소나무향,상쾌하고 달콤한
geranyl oxyacetaldehyde,향,달콤하고 깨끗한 비 온 뒤
(Z)-5-octen-1-ol,멜론향,초록빛 촉촉한
alpha-ethoxy-ortho-cresol,바닐라향,달콤하고 스모키한
citrus ocimenol,라임향,상쾌하고 달콤한
clean nitrile,풀잎향,상쾌한
phenethyl senecioate,와인향,깊고 달콤한
rose oil (rosa damascena) russia,장미향,달콤하고 상쾌한
cyclademol,민트향,캄포릭한
para-isopropyl acetophenone,오리스향,스파이시하고 우디한
musk decenone,머스크향,달콤하고 매끈한
beta-thujaplicin,나무향,약용의 축축한
bitter orangeflower absolute morocco,오렌지향,화사하고 초록빛
acetaldehyde ethyl glyceryl mixed acetal,과일향,
geranyl octanoate,장미향,허벌하고 프루티한
"2-acetyl-3,5(or 6)-dimethyl pyrazine",헤이즐넛향,고소하고 로스팅된
styrax absolute (liquidambar orientalis),발사믹향,
eugenyl isovalerate,정향향,프루티하고 스파이시한
butyl acetate,바나나향,몽환적이고 프루티한
sandal cyclopropane,샌달우드향,트로피컬하고 우디한
isobutyl furyl propionate,파인애플향,프루티하고 화사한
heptyl formate,자두향,초록빛 매끈한
fig crotonate,무화과향,매끈하고 프루티한
amyl cinnamate,발삼향,
(-)-bornyl isovalerate,장뇌향,트로피컬한
para-anisyl propionate,체리향,허벌하고 프루티한
ivy carbaldehyde / methyl anthranilate schiff's base,풀잎향,상쾌하고 달콤한
ethyl crotonate,과일향,톡쏘는
muguet carboxaldehyde,은방울꽃향,화사하고 깨끗한
tetradecanal,앰버향,부드럽고 매끈한
eugenyl formate,오리스향,따뜻하고 우디한
D-(+)-alpha-pinene,민트향,거친 향긋한
lemon oil terpenes,레몬향,상쾌하고 촉촉한
prenyl ethyl ether,풀잎향,프루티하고 초록빛
sorbyl isobutyrate,갈바눔향,초록빛 프루티한
palmitic acid,밀랍향,부드러운
muguet propanol,백합향,화사하고 우디한
leafy oxime,무화과향,초록빛 갈바눔 같은
isoambrettolide,머스크향,달콤하고 프루티한
(Z)-methyl epi-jasmonate,꽃잎향,화사하고 상쾌한
sumatra benzoin absolute,발삼향,달콤하고 스파이시한
cornmint oil terpeneless,페퍼민트향,윤기나는 민트 같은
peppermint oil,페퍼민트향,
benzyl heptanoate,살구향,은은하고 프루티한
heptyl isobutyrate,사과향,달콤하고 초록빛
hotrienol,생강향,달콤하고 트로피컬한
9-decenal,장미향,세련되고 매끈한
hexyl butyrate,사과향,초록빛 달콤한
nonisyl formate,나무향,초록빛 허벌한
adoxal (Givaudan),꽃향,상쾌하고 세련된
sandalrome,샌달우드향,우디하고 기름진
benzyl phenyl acetate,자스민향,달콤하고 화사한
chocolate pyrazine A,초콜릿향,로스팅되고 고소한
3-methyl-2-butenal,아몬드향,달콤하고 프루티한
methyl 3-nonenoate,껍질향,프루티하고 초록빛
citronellyl benzoate,장미향,
sec-butyl-3-methyl but-2-ene thioate,풀잎향,초록빛 허벌한
woody ether,시더향,우디하고 드라이한
cinnamyl isovalerate,향신료향,달콤하고 초록빛
pennyroyal oil,페퍼민트향,멘톨릭하고 시원한
butyl salicylate,클로버향,거친
"(E,Z)-3,6-nonadien-1-yl acetate",멜론향,달콤하고 매끈한
(E)-2-nonen-1-yl acetate,껍질향,프루티하고 매끈한
spearmint oil china,스피어민트향,상쾌한
2-pentyl cyclopentanone,코코넛향,윤기나는 초록빛
tropical ionone,오리스향,초록빛 화사한
amyl furoate,과일향,은은하고 윤기나는
clove bud oil,스파이시향,향긋하고 발사믹한
atlas cedarwood absolute,나무향,드라이하고 우디한
ocimen-1-yl acetate,라벤더향,허벌하고 시트러스
phenethyl furoate,장미향,오래된 꿀 같은
ethyl valerate,사과향,달콤하고 프루티한
10-undecenal (aldehyde C-11 undecylenic),장미향,매끈하고 세련된
4-decenal,오렌지향,세련되고 부드러운
labdanum ethanone,라브다넘향,드라이하고 우디한
delta-octalactone,코코넛향,달콤하고 부드러운
2-acetyl pyridine,담배잎향,묵직하고 부드러운
terpinyl propionate,나무향,허벌하고 초록빛
diisobutyl carbinyl acetate,루바브향,허벌하고 화사한
myrtenyl formate,소나무향,우디하고 윤기나는
5-methyl quinoxaline,커피향,로스팅되고 고소한
tobacco nonene,나무향,드라이한
nonanal propylene glycol acetal,과일향,
sandal glycol acetal,샌달우드향,우디하고 달콤한
hexadecanol,밀랍향,깨끗하고 기름진
amyl alcohol,발삼향,달콤한
tobacarol (IFF),앰버향,메마른 우디한
terpinyl isobutyrate,향신료향,초록빛 화사한
butyl isobutyrate,사과향,달콤하고 프루티한
heptanal dimethyl acetal,오렌지향,초록빛 프루티한
shoyu pyrazine,후추향,고소하고 초록빛
cyclohexyl acetate,과일향,달콤하고 오래된
glyceryl 5-hydroxydecanoate,복숭아향,상쾌하고 윤기나는
cinnamon bark oil ceylon,꿀향,달콤하고 스파이시한
alpha-terpinyl methyl ether,자몽향,시트러스 스파이시한
isoamyl cinnamate,앰버향,화사하고 오래된
acetaldehyde ethyl phenethyl acetal,히아신스향,싱그러운 초록빛
tetrahydrocarvone,스피어민트향,시원하고 허벌한
ethyl laurate,비누향,달콤하고 매끈한
2-pentanone,와인향,달콤하고 프루티한
amyl propionate,살구향,달콤하고 프루티한
propyl hexanoate,파인애플향,달콤하고 프루티한
methyl salicylate,민트향,
tropical trithiane,흙향,유황빛 그을린
3-methyl-1-pentanol,코냑향,초록빛 프루티한
cinnamon leaf oil ceylon,정향향,깊고 스파이시한
isopropyl formate,코코아향,몽환적이고 트로피컬한
alpha-farnesene,라벤더향,시트러스 허벌한
2-tridecanone,코코넛향,부드럽고 매끈한
ethyl cinnamate,발삼향,달콤하고 프루티한
octanal / methyl anthranilate schiff's base,포도향,상쾌하고 화사한
terpinyl butyrate,로즈마리향,새콤하고 프루티한
magnolia decadienal,목련향,화사하고 세련된
TMH aldehyde,꽃향,
hexoxyacetaldehyde dimethyl acetal,풀잎향,상쾌하고 싱그러운
geranyl propionate,장미향,화사하고 상쾌한
isobutyl quinoline,베티버향,흙내 나는 가죽 같은
bergamot oil bergaptene reduced italy,오렌지향,시트러스 화사한
mandarin oil,귤향,시트러스 화사한
neroli extract,수선화향,화사하고 약용의
sorbyl butyrate,와인향,프루티하고 초록빛
myristic acid,비누향,매끈하고 부드러운
heptyl octanoate,밀랍향,윤기나는 초록빛
tuberose acetate,튜베로즈향,달콤하고 프루티한
amyl nonanoate,코냑향,화사한 살구 같은
ethyl methyl anthranilate,귤향,부드럽고 달콤한
green ether,히아신스향,상쾌하고 초록빛
musk acetate,장미향,화사하고 프루티한
allyl salicylate,파인애플향,프루티한 바나나 같은
2-octen-4-one,과일향,트로피컬한 잼 같은
methyl ortho-anisate,히아신스향,허벌하고 화사한
methyl 2-methyl valerate,베리향,프루티하고 트로피컬한
phenethyl isobutyrate,장미향,화사하고 프루티한
"2,4-nonadien-1-ol",멜론향,매끈하고 부드러운
marine formate,사과향,상쾌하고 우디한
neryl propionate,베리향,프루티하고 화사한
geranyl anthranilate,네롤리향,
phenethyl isovalerate,장미향,화사하고 프루티한
linalyl octanoate,과일향,드라이하고 허벌한
musk amberol,머스크향,드라이하고 파우더리한
lime oil CO2 extract mexico,라임향,시트러스
rose absolute pentanol,장미향,상쾌하고 화사한
spicy pentanone,향신료향,달콤하고 우디한
cinnamic acid,발삼향,달콤한
magnolia indene,자몽향,화사하고 초록빛
methyl acetate,과일향,달콤한
(R)-(-)-alpha-phellandrene,스파이시향,약용의
isoamyl valerate,사과향,프루티하고 무르익은
allyl anthranilate,나뭇잎향,초록빛 화사한
lemongrass oil,레몬향,상쾌하고 달콤한
orris rhizome concrete butter (iris pallida),제비꽃향,우디하고 부드러운
elettaria cardamomum seed oil,장뇌향,따뜻하고 스파이시한
propyl nonanoate,멜론향,
rose carboxylate,장미향,따뜻하고 스파이시한
(Z)-8-tetradecenal,오렌지향,시트러스 프루티한
myrmac aldehyde,향,시트러스 세련된 비 온 뒤
ethylene brassylate,머스크향,파우더리하고 달콤한
ocimum basilicum herb oil,아니스향,허벌하고 초록빛
vetiver oil bourbon,발삼향,우디한 뿌리 같은
cinnamaldehyde / methyl anthranilate schiff's base,사이프러스향,달콤한 시나몬 같은
cyclohexyl phenyl acetate,꿀향,
laevo-fenchone,장뇌향,허벌하고 흙내 나는
acetyl methyl anthranilate,딸기향,은은하고 프루티한
lime pyran,라임향,시트러스 초록빛
"5-ethyl-2,3,4,5-tetramethyl-2-cyclohexen-1-one",카라멜향,프루티하고 스파이시한
2-dodecen-1-ol,부드러운,
methyl 2-octenoate,배향,프루티하고 초록빛
laevo-bornyl acetate,소나무향,달콤하고 발사믹한
cumin carbinol,커민향,화사하고 초록빛
cornmint oil terpenes,페퍼민트향,상쾌하고 날카로운
valencene,자몽향,달콤하고 상쾌한
(Z)-jasmone,자스민향,우디하고 허벌한
prenyl formate,과일향,몽환적이고 러미한
2-methyl-4-phenyl butanal,꽃향,달콤하고 흙내 나는
myrtenol,소나무향,우디하고 달콤한
1-phenyl-2-pentanol,풀잎향,은은하고 달콤한
cinnamon leaf oil,정향향,깊고 우디한
viridiflorol,풀잎향,달콤하고 허벌한
hexyl 2-furoate,배향,화사하고 매끈한
nonanal dimethyl acetal,꽃향,상쾌하고 시트러스
N-methyl ionone,오리스향,파우더리하고 우디한
3-phenyl propyl formate,꿀향,달콤하고 화사한
woody nonane (ethoxy),오리스향,우디한 앰버 같은
black currant bud absolute,베리향,초록빛 스파이시한
pineapple pentenoate,파인애플향,프루티하고 초록빛
propyl anthranilate,허브향,
benzhydrol,장미향,초록빛
"alpha,alpha-dimethyl benzyl isobutyrate",살구향,달콤하고 프루티한
dihydromyrcenyl acetate,라임향,시트러스 베르가못 같은
"3-acetyl-2,5-dimethyl furan",코코아향,달콤하고 오래된
ethyl 4-phenyl butyrate,자두향,달콤하고 프루티한
isopropyl valerate,파인애플향,프루티한
carvacryl ethyl ether,스파이시향,허벌한
acetoin,크리미향,달콤하고 버터리한
coriander seed oil CO2 extract,장미향,초록빛 화사한
"dextro,laevo-muscone",머스크향,달콤하고 파우더리한
celery undecene,셀러리향,향긋하고 허벌한
acetoxymethyl isolongifolene,베티버향,우디한 앰버 같은
plum crotonate,자두향,상쾌하고 프루티한
syringaldehyde,통카향,은은하고 우디한
musk gx 50% in DPG,머스크향,달콤하고 화사한
vetylbois,베티버향,풍부하고 우디한
waxy undecadienol,밀랍향,세련된
6(or 8)-isobutyl quinoline,뿌리향,흙내 나는 고소한
reseda acetal,히아신스향,달콤하고 초록빛
acetoin acetate,크리미향,톡쏘는 달콤한
tricyclodecenyl propionate,자스민향,프루티하고 허벌한
bois de rose oil peru,장미향,달콤하고 우디한
(Z)-3-hexen-1-yl acetoacetate,흙향,초록빛 화사한
octanol,오렌지향,매끈하고 초록빛
cedrenyl acetate,시더향,날카로운 드라이한
eucalyptus globulus oil,장뇌향,허벌한
lilac lactone,과일향,시원한
acetaldehyde dimethyl acetal,건초향,날카로운 달콤한
allyl cyclohexyl hexanoate,과일향,부드러운
wild carrot seed oil terpeneless,커민향,초록빛 스파이시한
(Z)-3-hexen-1-yl lactate,멜론향,초록빛 싱그러운
isopropyl phenyl propionaldehyde,나뭇잎향,초록빛 세련된
2-pentyl furan,채소향,프루티하고 초록빛
violet dienyne,제비꽃향,초록빛 화사한
juniper branch oil,풀잎향,테르페닉하고 우디한
thymol,타임향,허벌하고 약용의
6-acetoxydihydrotheaspirane,차향,시트러스 허벌한
isoamyl angelate,꽃향,프루티한
isobutyl salicylate,클로버향,허벌하고 화사한
ethyl (Z)-4-heptenoate,사과향,초록빛 초록빛
polylimonene,나무향,허벌하고 테르페닉한
amber dodecane,셀러리향,우디하고 고풍스러운
2-phenyl propyl isobutyrate,망고향,프루티하고 화사한
ocimene oxirane,라벤더향,달콤하고 상쾌한
para-anisaldehyde dimethyl acetal,산사나무꽃향,은은하고 화사한
2-tert-butyl-6-methyl phenol,가죽향,약용의
isobutyraldehyde,꽃향,상쾌하고 세련된
propyl alcohol,발효된,
tolu balsam resinoid,발삼향,달콤하고 우디한
sweet orange peel oil c.p. spain,오렌지향,시트러스
2-nonanone,풀잎향,상쾌하고 달콤한
(Z)-3-hexen-1-yl benzoate,난초향,상쾌하고 초록빛
woody heptene,향,상쾌하고 우디한 비 온 뒤
citronellyl acetone,발삼향,달콤하고 화사한
waxy lactone,자스민향,윤기나는 매끈한
1-heptanol,제비꽃향,오래되고 싱그러운
rose undecene,장미향,허벌하고 달콤한
leafy acetal,히아신스향,초록빛 싱그러운
(Z)-2-hexen-1-ol,나무껍질향,초록빛 싱그러운
diethyl sebacate,멜론향,은은하고 프루티한
2-pentadecanone,셀러리향,상쾌한 자스민 같은
trans-carveol,캐러웨이향,
floral undecenone,발삼향,달콤하고 화사한
ethyl methyl mercaptopropionate,파인애플향,유황빛 프루티한
furfuryl mercaptan,커피향,유황빛 로스팅된
exaltone (Firmenich),머스크향,파우더리하고 자연스러운
"3,4-hexane dione",아몬드향,버터리하고 고소한
amber acetate,앰버향,우디하고 드라이한
(Z)-8-undecenal,시트러스향,세련되고 매끈한
(R)-sandal hexanol,샌달우드향,깨끗하고 달콤한
6-tert-butyl-meta-cresol,가죽향,
clary sage oil greece,허브향,상쾌하고 드라이한
(Z)-isodihydrolavandulyl acetate,민트향,상쾌하고 허벌한
(Z)-3-octen-1-ol,멜론향,상쾌하고 부드러운
2-cyclohexyl propionaldehyde,풀잎향,자연스러운 상쾌한
2-methoxypyrazine,코코아향,달콤하고 고소한
santalyl phenyl acetate,꿀향,화사한
beta-naphthyl anthranilate,포도향,화사한 네롤리 같은
rose carbonate,장미향,따뜻하고 짙은
spike lavender oil,장뇌향,상쾌하고 허벌한
tonka bean absolute,카라멜향,달콤하고 따뜻한
linalyl isobutyrate,라벤더향,가볍고 프루티한
geranyl acetoacetate,사과향,달콤하고 프루티한
cocoa butenal,수선화향,달콤하고 고소한
chamomile isobutyrate,과일향,자연스러운 화사한
cistus ladaniferus absolute resin,나무향,달콤하고 고풍스러운
isopropyl decanoate,채소향,초록빛 우디한
methyl 2-furoate,버섯향,프루티하고 달콤한
rose petal acetate,장미향,
heptyl hexanoate,풀잎향,
jasmin pyranol,자스민향,화사한
ambergris naphthol,앰버향,고풍스러운 흙내 나는
marine decadienal,바다향,시트러스 세련된
methyl (Z)-4-octenoate,파인애플향,상쾌한
linalool oxide (furanoid),장뇌향,오래된
heptyl propionate,장미향,
mace oil,넛맥향,달콤하고 스파이시한
ethyl (E)-2-crotonate,카라멜향,톡쏘는 달콤한
toffee furanone,설탕향,달콤한 캔디 같은
2-octen-1-ol,채소향,초록빛
artemisyl ketone,민트향,허벌한 꿀 같은
alpha-amyl cinnamaldehyde / methyl anthranilate schiff's base,꽃향,상쾌하고 부드러운
2-hexanol,과일향,와이니하고 부드러운
musk gx 100%,머스크향,달콤하고 화사한
isodihydrolavandulol,민트향,상쾌하고 허벌한
spearmint oil america,스피어민트향,상쾌한
santalol,샌달우드향,깊고 달콤한
2-methyl-3-buten-2-ol,허브향,흙내 나는 윤기나는
methyl butyrate,사과향,프루티하고 달콤한
nutmeg oleoresin,소나무향,스파이시하고 우디한
bran absolute,꿀향,
grapefruit nitrile,치자꽃향,시트러스 그을린
isopropyl cinnamate,발삼향,프루티하고 트로피컬한
isoamyl hexanoate,바나나향,프루티하고 초록빛
citronellyl ethyl ether,장미향,상쾌하고 시트러스
"4,5-dimethyl-2-ethyl-3-thiazoline",견과향,오래되고 유황빛
2-hexenyl acetate,풀잎향,프루티한
3-phenyl propyl isobutyrate,살구향,프루티하고 트로피컬한
butyl alcohol,발삼향,달콤한
2-methyl valeric acid,치즈향,새콤한
methyl hexanoate,파인애플향,몽환적이고 프루티한
camphene,전나무향,우디하고 허벌한
tropical thiazole,과일향,트로피컬하고 초록빛
cinnamon bark oil (cinnamomum zeylanicum) india,스파이시향,달콤하고 따뜻한
nonyl isovalerate,사과향,프루티하고 시트러스
(Z)-3-hexen-1-yl valerate,사과향,초록빛 프루티한
beta-bisabolol,레몬향,시트러스 화사한
cyclohexyl salicylate,발삼향,화사하고 달콤한
3-hexen-1-ol,풀잎향,싱그러운
sassafras acetate,아니스향,달콤하고 아니시한
clary octenone,클라리세이지향,달콤하고 허벌한
butyl valerate,파인애플향,달콤하고 프루티한
butyl nonanoate,오렌지향,
pinoacetaldehyde,발삼향,상쾌하고 촉촉한
myrcenol,라벤더향,상쾌하고 화사한
benzyl isovalerate,사과향,달콤하고 프루티한
eugenyl phenyl acetate,꿀향,스파이시하고 달콤한
grapefruit oil folded florida,자몽향,달콤하고 드라이한
licorice diethyl acetal,아니스향,프루티하고 허벌한
delta-muscenone,머스크향,
verdoxan,나무향,고풍스러운 흙내 나는
(E)-2-octen-1-yl acetate,멜론향,초록빛 세련된
marine nitrile,바다향,시트러스 흙내 나는
sage oil reunion,유칼립투스향,
methyl dimethyl anthranilate,나뭇잎향,프루티한 오렌지 같은
(±)-dihydromint lactone,통카향,크리미하고 약용의
autumn carboxylate,아니스향,달콤하고 화사한
2-acetyl-3-ethyl pyrazine,흙향,고소한
cyclohexyl hexanoate,파인애플향,프루티한
"2-acetyl-3,5-dimethyl pyrazine",헤이즐넛향,고소하고 로스팅된
allyl phenyl acetate,럼향,프루티한 꿀 같은
wintergreen oil,상쾌한,
(-)-guaiol,장미향,은은한 차 같은
vanillin propylene glycol acetal,바닐라향,달콤하고 크리미한
(Z)-oleic acid,밀랍향,부드러운
lilyall / methyl anthranilate schiff's base,백합향,상쾌하고 초록빛
(±)-camphor,캄포릭한,
melon nonenoate,제비꽃향,달콤하고 초록빛
(±)-isomenthone,페퍼민트향,시원하고 달콤한
strawberry furanone solution,캔디향,달콤하고 카라멜릭한
"(E,E)-ethyl sorbate",아니스향,따뜻하고 프루티한
gamma-heptalactone,코코넛향,달콤하고 고소한
nerol oxide,나무껍질향,초록빛 허벌한
tropical indene,멜론향,프루티하고 달콤한
clary sage oil spain,허브향,상쾌하고 드라이한
isoamyl pyruvate,발사믹향,카라멜릭하고 러미한
petitgrain heptane,감초향,허벌하고 시트러스
ocean carboxaldehyde,향,상쾌하고 촉촉한 비 온 뒤
meta-cresyl acetate,수선화향,톡쏘는 화사한
coconut naphthalenone,코코넛향,
damascone carboxylate,로즈마리향,향긋하고 프루티한
(E)-6-methyl-3-hepten-2-one,열대과일향,윤기나는 초록빛
herbal carbonate,자스민향,상쾌하고 허벌한
cinnamon acrolein,향신료향,우디하고 허벌한
dihydro-beta-ionol,앰버향,우디하고 화사한
tetrahydrolinalool,백합향,화사하고 우디한
4-isopropyl quinoline,풀잎향,흙내 나는 싱그러운
(E)-2-hexen-1-yl formate,럼향,프루티하고 초록빛
2-undecanol,밀랍향,상쾌한
lauric acid,코코넛향,은은한
citronella oil ceylon,풀잎향,시트러스 우디한
bay leaf oil terpeneless,발삼향,달콤하고 깊은
2-isobutyl thiazole,토마토향,초록빛 흙내 나는
musk decanolide,머스크향,우디하고 달콤한
methyl hexyl ether,라벤더향,달콤하고 허벌한
(Z)-3-hepten-1-ol,나무껍질향,드라이하고 흙내 나는
(E)-cinnamyl acetate,발삼향,달콤하고 화사한
isobutyl acetoacetate,와인향,달콤하고 프루티한
"1,4-cineole",소나무향,시원하고 초록빛
decyl formate,인동꽃향,
betula lenta bark oil america,향신료향,달콤하고 허벌한
benzaldehyde propylene glycol acetal,수선화향,쌉쌀하고 달콤한
hexyl 2-methyl-3-pentenoate,껍질향,프루티하고 트로피컬한
clary acetate,클라리세이지향,따뜻하고 허벌한
methyl anthranilate,네롤리향,프루티한 포도 같은
3-hepten-2-one,캐러웨이향,초록빛 풀잎 같은
chamomile octenone,과일향,
guaiacyl acetate,향신료향,달콤하고 우디한
laevo-limonene,소나무향,허벌하고 알싸한
alpha-terpineol,소나무향,시트러스 우디한
2-methyl undecanal (aldehyde C-12 mna),앰버향,상쾌하고 세련된
para-cresyl laurate,바닐라향,화사하고 달콤한
methyl (E)-2-hexenoate,바나나향,프루티하고 초록빛
green algae absolute,바다향,상쾌하고 초록빛
isoamyl heptanoate,풀잎향,프루티하고 허벌한
2-decenal,오렌지향,부드럽고 세련된
1-octen-3-one,버섯향,허벌하고 흙내 나는
sweet orange peel oil c.p. egypt,오렌지향,시트러스
3-octanol,버섯향,흙내 나는 허벌한
lemon oil folded italy,레몬향,상쾌한
violet leaf absolute,풀잎향,윤기나는 흙내 나는
isopulegol,유칼립투스향,시원하고 약용의
alpha-terpinyl anthranilate,네롤리향,프루티한 백합 같은
"(Z,E)-phytol",발삼향,은은하고 가벼운
isolongifolene ketone,파촐리향,드라이하고 우디한
ethyl 2-ethyl acetoacetate,과일향,와이니하고 초록빛
linalyl propionate,베르가못향,상쾌하고 우디한
meta-dimethyl hydroquinone,네롤리향,프루티한 넛맥 같은
alpha-hexyl cinnamaldehyde dimethyl acetal,초목향,상쾌하고 초록빛
laevo-piperitone,페퍼민트향,톡쏘는 시원한
para-methyl hydratropaldehyde,꽃향,초록빛 달콤한
"(±)-2,4,8-trimethyl-7-nonen-2-ol",자몽향,시트러스 화사한
beta-ionyl acetate,베리향,달콤하고 우디한
anthemis nobilis oil,코냑향,달콤하고 허벌한
"alpha,alpha-dimethyl anisyl acetone",카라멜향,프루티하고 버터리한
ginger oleoresin,생강향,흙내 나는 오래된
coumarin,통카향,달콤한 건초 같은
guaiene,나무향,달콤하고 드라이한
sandal pentanol,샌달우드향,달콤하고 우디한
acetaldehyde methyl hexyl acetal,나무껍질향,초록빛 허벌한
para-cresyl phenyl acetate,장미향,
(E)-propyl 2-furan acrylate,향신료향,달콤하고 프루티한
amyl isovalerate,사과향,상쾌하고 프루티한
geranium dihydropyran,제라늄향,화사하고 초록빛
2-methyl undecanal dimethyl acetal,앰버향,세련되고 초록빛
2-heptyl butyrate,채소향,프루티하고 초록빛
2-acetyl-5-methyl furan,건초향,오래되고 고소한
hexyl nonanoate,채소향,초록빛 프루티한
(E)-7-methyl-3-octen-2-one,과일향,화사한
linalool,장미향,시트러스 화사한
petitgrain oil terpeneless,껍질향,화사하고 시트러스
hawthorn acetate,발삼향,달콤하고 화사한
(E)-geranyl acetone,장미향,상쾌하고 초록빛
styralyl acetate,치자꽃향,초록빛 싱그러운
laevo-borneol,장뇌향,우디한 소나무 같은
2-phenyl propyl alcohol,히아신스향,초록빛 스파이시한
chamomile valerate,장미향,향긋하고 화사한
"6,8-dimethyl-2-nonanol",버섯향,화사하고 초록빛
heliotropyl acetate,딸기향,달콤하고 화사한
thiogeraniol,베리향,초록빛 유황빛
isopinocamphone,시더향,캄포릭한
eucalyptus citriodora oil,발사믹향,상쾌하고 화사한
ethyl 5-hexenoate,파인애플향,프루티한
(Z)-civet decenone,머스크향,깨끗하고 드라이한
acetaldehyde dipropyl acetal,국화향,상쾌하고 초록빛
animal carbolactone,용연향,드라이한 앰버 같은
isopropyl quinoline,나무껍질향,초록빛 흙내 나는
"2,3-dimethyl pyrazine",견과향,고소하고 카라멜릭한
mastic gum resin,발삼향,레지너스하고 우디한
"propyl 2,4-decadienoate",멜론향,부드럽고 초록빛
green cyclopropionate,과일향,상쾌하고 초록빛
"4-methyl-2,6-dimethoxyphenol",향신료향,약용의 우디한
isovaleraldehyde propylene glycol acetal,과일향,달콤하고 몽환적인
isobornyl propionate,소나무향,톡쏘는 우디한
cilantro leaf oil,비누향,초록빛 세련된
blood orange oil (citrus sinensis var. sanguinello) italy,오렌지향,달콤하고 세련된
methyl octanoate,오렌지향,매끈하고 초록빛
woody octene,발삼향,우디하고 깨끗한
carvacrol,장뇌향,우디한 향신료 같은
lemon oil folded argentina 10.0% to 16.0% citral,레몬향,상쾌한
heliotropyl acetone,라즈베리향,달콤하고 파우더리한
para-methoxycinnamaldehyde,시나몬향,스파이시하고 달콤한
butyl 2-methyl butyrate,셀러리향,프루티하고 트로피컬한
isopropyl benzoate,과일향,달콤하고 화사한
cis-2-pinanol,전나무향,우디한 소나무 같은
3-decen-2-one,사과향,부드럽고 초록빛
herbal ethanone,장뇌향,허벌하고 시원한
myristyl alcohol,오리스향,프루티하고 매끈한
ambroxide,앰버향,드라이하고 우디한
"alpha,alpha-dimethyl benzyl alcohol",풀잎향,은은하고 달콤한
phenyl acetaldehyde diethyl acetal,블루벨향,상쾌하고 초록빛
2-ethyl-1-hexanol,시트러스향,상쾌하고 화사한
methyl (Z)-3-hexenoate,과일향,화사한
(E)-linalool oxide (furanoid),꽃향,
2-methyl-2-pentenal,나무껍질향,세련되고 초록빛
lychee mercaptan acetate,채소향,유황빛 초록빛
melon heptenal propylene glycol acetal,풀잎향,시트러스
patchouli absolute,허브향,달콤하고 스파이시한
cedar cyclododecatriene,시더향,따뜻하고 우디한
decen-1-yl cyclopentanone,살구향,상쾌하고 달콤한
2-decalinol,은방울꽃향,깨끗한 장미 같은
hexyl formate,자두향,달콤한 사과 같은
saffron indenone,가죽향,허벌하고 약용의
chamomile propionate,장미향,상쾌하고 허벌한
alpha-decalactone,풀잎향,화사하고 달콤한
prenyl salicylate,난초향,화사하고 허벌한
cherry propanol,체리향,달콤하고 프루티한
isopropyl butyrate,파인애플향,달콤하고 프루티한
cyclododecyl formate,나무향,상쾌하고 달콤한
ethyl (E)-4-decenoate,코냑향,초록빛 프루티한
amyl isobutyrate,사과향,프루티하고 버터리한
butyl butyryl lactate,치즈향,크리미하고 버터리한
"dextro-2,8-para-menthadien-1-ol",민트향,테르페닉한
homomenthol,민트향,시원하고 멘톨릭한
cyclohexyl ethyl acetate,장미향,초록빛 민트 같은
decane nitrile,코냑향,상쾌하고 오래된
"allyl 3,5,5-trimethyl hexanoate",파인애플향,프루티하고 스파이시한
3-decanone,오렌지향,매끈하고 프루티한
"3,5-cocoa pyrazine",커피향,그을린 로스팅된
bornyl acetate,소나무향,우디하고 허벌한
leerall / methyl anthranilate schiff's base,백합향,상쾌하고 화사한
citronellyl anthranilate,장미향,달콤하고 프루티한
(Z)-4-hexen-1-ol,토마토향,초록빛 채소 같은
methyl decanoate,와인향,윤기나는 프루티한
turpentine oil,발삼향,상쾌하고 우디한
(+)-camphene,전나무향,상쾌하고 허벌한
butyl butyrate,바나나향,프루티하고 초록빛
terpinyl isovalerate,소나무향,달콤하고 시트러스
terpinyl benzoate,전나무향,발사믹하고 우디한
ethyl maltol,잼향,달콤한 카라멜 같은
isobutyl 2-methyl butyrate,과일향,달콤한
ortho-cresyl isobutyrate,베리향,약용의
guaiacwood acetates,나무향,달콤한
(E)-2-hexen-1-yl hexanoate,코냑향,초록빛 자연스러운
citrus ocimenol acetate,콜로뉴향,허벌하고 시트러스
2-ethyl fenchol,뿌리향,흙내 나는 오래된
rose oil (rosa damascena) bulgaria,장미향,화사하고 스파이시한
(E)-2-undecen-1-yl acetate,장미향,상쾌하고 매끈한
5-methyl furfural,향신료향,
2-hydroxybenzaldehyde,시나몬향,스파이시하고 시원한
8-undecenal,밀랍향,세련된
"dextro,laevo-isoborneol",발삼향,허벌하고 우디한
phenoxyethyl isobutyrate,장미향,달콤하고 프루티한
guaiacwood oil 20% in gurjun balsam oil,발삼향,우디하고 스파이시한
(Z)-3-hexen-1-yl propionate,배향,초록빛 상쾌한
phenoxyethanol,발삼향,은은한 장미 같은
(E)-cinnamyl isovalerate,향신료향,달콤하고 초록빛
alpha-ionone,제비꽃향,달콤하고 우디한
amyl hexanoate,파인애플향,달콤하고 초록빛
octyl formate,장미향,프루티하고 매끈한
(Z)-3-hexen-1-yl tiglate,채소향,초록빛 초록빛
cocoa absolute,초콜릿향,짙고 파우더리한
tricyclodecenyl isobutyrate,초콜릿향,프루티한 앰버 같은
myrcenyl acetate,베르가못향,시트러스 화사한
butyl octanoate,버터향,허벌한
sandela,샌달우드향,깨끗하고 달콤한
(Z)-woody amylene,소나무향,우디하고 화사한
"3,6-dimethyl-3-octanol",블루베리향,상쾌하고 우디한
propyl octanoate,코코넛향,
2-methyl cyclohexanone,페퍼민트향,시원한
2-methyl valeraldehyde,과일향,몽환적이고 초록빛
filbert heptenone,헤이즐넛향,달콤한 견과 같은
methyl sandal,샌달우드향,우디하고 달콤한
corps popinal,백합향,화사한
2-methyl butyraldehyde,코코아향,오래되고 약용의
tonka ketone,네롤리향,달콤하고 화사한
benzyl isoeugenol,발삼향,은은하고 스파이시한
ethyl linalool,장미향,상쾌하고 허벌한
(Z)-3-hexen-1-ol,초목향,상쾌하고 초록빛
octyl acetate,버섯향,초록빛 흙내 나는
1-hepten-3-ol,토마토향,윤기나는 초록빛
2-hexenyl cyclopentanyl acetate,배향,프루티한 자스민 같은
para-cresyl isovalerate,담배잎향,달콤하고 허벌한
tangerine oil california,오렌지향,시트러스 세련된
shoyu furanone,카라멜향,달콤하고 그을린
indoletal,자스민향,흙내 나는 인돌 같은
isoamyl laurate,와인향,매끈하고 윤기나는
gardenia pentyl acetate,치자꽃향,상쾌하고 초록빛
bergoxane,베티버향,초록빛 우디한
3-decanol,오렌지향,화사하고 부드러운
methyl propionate,럼향,상쾌하고 거친
ginger root oil cochin,시트러스향,스파이시하고 테르페닉한
geranyl formate,장미향,상쾌하고 초록빛
3-phenyl propionaldehyde,나무껍질향,상쾌하고 초록빛
fir needle oil siberia,전나무향,상쾌하고 드라이한
orris capronate,오리스향,상쾌하고 프루티한
rosemary oil egypt,로즈마리향,캄포릭한
isoamyl tiglate,와인향,상쾌하고 허벌한
2-heptenal,풀잎향,부드러운
apricot isobutyrate,살구향,프루티하고 은은한
(Z)-4-hepten-1-ol,채소향,상쾌하고 윤기나는
phenyl salicylate,발삼향,은은하고 달콤한
matricaria chamomilla flower oil,차향,허벌하고 달콤한
2-acetyl pyrrole,체리향,오래된 견과 같은
prenyl benzoate,초콜릿향,프루티한 발삼 같은
clove leaf oil,스파이시향,향긋하고 우디한
santol pentenol,샌달우드향,우디하고 허벌한
2-phenyl propionaldehyde ethylene glycol acetal,버섯향,화사하고 초록빛
linalool oxide acetates,과일향,따뜻하고 우디한
(E)-12-musk decenone,머스크향,달콤하고 매끈한
neryl isobutyrate,라즈베리향,달콤하고 상쾌한
isobutyl heptanoate,풀잎향,허벌하고 프루티한
floral pyran,장미향,화사하고 초록빛
"3,6-cocoa pyrazine",코코아향,로스팅되고 고소한
eucalyptus oil terpenes,유칼립투스향,
amber carbinol,앰버향,우디하고 드라이한
linalyl anthranilate,오렌지향,상쾌하고 허벌한
4-ethyl octanoic acid,부드러운,
para-cresyl acetate,수선화향,약용의
pomarose,장미향,프루티하고 말린
coriander seed oil,장미향,상쾌하고 화사한
styralyl propionate,장미향,상쾌하고 달콤한
3-octyl acetate,베르가못향,상쾌하고 우디한
"2,6-nonadien-1-ol",채소향,초록빛 오이 같은
3-mercaptohexyl acetate,배향,화사하고 프루티한
styrax resinoid (liquidambar orientalis),발사믹향,
heptyl heptanoate,풀잎향,초록빛
laurus nobilis leaf oil,유칼립투스향,허벌하고 스파이시한
phenethyl salicylate,장미향,발사믹하고 화사한
ambrein,용연향,우디한 앰버 같은
dibutyl sulfide,풀잎향,초록빛 허벌한
sage oil albania,세이지향,허벌한
buchu mercaptan,베리향,유황빛 시원한
acorn acetate,건초향,자연스러운 드라이한
sweet orange peel oil folded,오렌지향,달콤하고 상쾌한
2-methyl-3-ethoxypyrazine,헤이즐넛향,로스팅되고 흙내 나는
(Z)-3-hexen-1-yl cinnamate,발삼향,상쾌하고 초록빛
methyl citronellate,제라늄향,화사하고 드라이한
"para-menthane-3,8-diol",유칼립투스향,시원하고 허벌한
ethyl para-methyl-beta-phenyl glycidate,라즈베리향,달콤하고 화사한
coffee furanone,견과향,달콤하고 버터리한
armoise oil russia,향긋한,
grapefruit oil folded california,자몽향,달콤하고 드라이한
(S)-citronellyl acetate,장미향,상쾌하고 프루티한
"vanillin 2,3-butylene glycol acetal",바닐라향,크리미하고 파우더리한
phenyl amyl alcohol,장미향,화사한 카네이션 같은
delta-heptalactone,코코넛향,윤기나는 초록빛
para-menth-3-en-1-ol,나무향,드라이하고 오래된
cade oil,가죽향,스모키하고 그을린
agrumen nitrile,스파이시향,세련되고 허벌한
grapefruit mercaptan,자몽향,유황빛 향긋한
amyl acetate,바나나향,몽환적이고 프루티한
"(E,E/E,Z)-tobacco cyclohexenone",견과향,달콤하고 스파이시한
octahydrocoumarin,통카향,달콤하고 허벌한
2-phenyl propionaldehyde dimethyl acetal,히아신스향,화사하고 싱그러운
propyl isovalerate,사과향,쌉쌀하고 달콤한
dihydrocivetone,머스크향,
"(E+Z)-4,8-dimethyl-3,7-nonadien-2-ol",레몬향,우디한 소나무 같은
hyssop oil,클라리세이지향,허벌하고 초록빛
geranic oxide,장뇌향,상쾌하고 허벌한
cassis oxime 10%,자몽향,초록빛 허벌한
menthadienyl formate,꽃향,달콤하고 프루티한
nerolin fragarol,딸기향,달콤하고 프루티한
2-methyl-1-butanol,코코아향,몽환적이고 부드러운
vanilla cresol,바닐라향,우디하고 스파이시한
jasimia,은방울꽃향,상쾌하고 촉촉한
beta-terpineol,흙향,톡쏘는 우디한
2-undecen-1-ol,장미향,화사하고 매끈한
myrrh resin,발삼향,우디하고 달콤한
pear valerate,배향,프루티하고 깨끗한
bornyl butyrate,허브향,우디한
"(E,Z,Z)-2,4,7-tridecatrienal",껍질향,시트러스 매끈한
carum carvi fruit oil,허브향,상쾌하고 스파이시한
sweet orange peel oil c.p. california,오렌지향,상쾌하고 촉촉한
beta-phellandrene,민트향,
(Z)-beta-ocimene,꽃향,따뜻하고 달콤한
cinnamyl cinnamate,발삼향,달콤하고 화사한
orange nitrile,오렌지향,초록빛 촉촉한
(Z+E)-2-methyl-2-(4-methyl-3-pentenyl) cyclopropane carbaldehyde,레몬향,프루티하고 시트러스
isobornyl methyl ether,장뇌향,우디한 소나무 같은
peach pivalate,복숭아향,프루티하고 달콤한
methoxymelonal,멜론향,화사하고 프루티한
petitgrain lemon oil,레몬향,상쾌하고 달콤한
heptyl butyrate,차향,프루티하고 트로피컬한
acetaldehyde benzyl 2-methoxyethyl acetal,풀잎향,은은하고 달콤한
(Z)-3-hexen-1-yl methyl carbonate,제비꽃향,자연스러운 화사한
nopyl aldehyde,소나무향,우디한
gamma-dodecalactone,복숭아향,부드럽고 달콤한
butyl stearate,차향,은은하고 윤기나는
(E)-2-octen-1-yl butyrate,베리향,매끈하고 프루티한
whiskey lactone,통카향,고소하고 그을린
isopropyl isobutyrate,파인애플향,달콤하고 프루티한
waxy nitrile,귤향,시트러스 매끈한
berry hexanoate,라즈베리향,프루티하고 화사한
allyl isononylate,장미향,프루티하고 달콤한
allspice oleoresin,정향향,달콤하고 상쾌한
(Z)-13-musk decenone,머스크향,
(Z)-4-octen-1-ol,흙향,달콤하고 허벌한
(E)-2-octen-1-ol,채소향,초록빛 시트러스
(E)-4-decenal,오렌지향,상쾌하고 세련된
dicyclopentadiene propionate,자스민향,프루티하고 허벌한
trimethyl cyclohexene,라임향,시트러스 허벌한
(E)-isoeugenol,카네이션향,달콤하고 스파이시한
(E)-3-hexen-1-yl acetate,나무껍질향,날카로운 프루티한
hay absolute,건초향,달콤하고 우디한
neroli oil,쁘띠그레인향,화사하고 시트러스
2-nonanol,오렌지향,매끈하고 초록빛
3-phenyl propyl hexanoate,과일향,달콤하고 초록빛
herbal undecanone,소나무향,자연스러운 허벌한
ortho-anisaldehyde,산사나무꽃향,달콤하고 파우더리한
rosefuran,카라멜향,초록빛 시원한
peppermint oil special fractions,페퍼민트향,시원하고 멘톨릭한
styralyl alcohol,치자꽃향,상쾌하고 달콤한
"2,4-dimethyl-3-cyclohexene-1-methanyl acetate",자몽향,시트러스 화사한
propyl valerate,파인애플향,몽환적이고 프루티한
amber furan,용연향,드라이하고 상쾌한
benzyl formate,아몬드향,화사하고 프루티한
2-sec-butyl-3-methoxypyrazine,갈바눔향,오래되고 초록빛
decanal (aldehyde C-10),오렌지향,달콤하고 세련된
raspberry dicarboxylate,라즈베리향,프루티하고 몽환적인
ethyl stearate,밀랍향,은은한
mimosa absolute morocco,풀잎향,자연스러운 초록빛
cinnamyl butyrate,코냑향,부드럽고 프루티한
isobornyl acetate,발삼향,허벌하고 우디한
lime oil terpenes,라임향,테르페닉하고 시트러스
litsea cubeba fruit oil,레몬향,달콤하고 상쾌한
hydroxymethyl isolongifolene 50% in dpg,앰버향,따뜻하고 우디한
isobornyl phenyl acetate,사이프러스향,
spike lavender oil spain,장뇌향,상쾌하고 허벌한
allyl 10-undecenoate,파인애플향,프루티하고 매끈한
geranyl undecylenate,장미향,매끈하고 화사한
amber cyclohexanol,앰버향,우디하고 드라이한
butyl benzyl ether,장미향,화사한
phenethyl phenyl acetate,장미향,화사하고 달콤한
neryl ethyl ether,콜로뉴향,깨끗한 장미 같은
citral ethylene glycol acetal,레몬향,상쾌하고 화사한
phenyl acetaldehyde dimethyl acetal,초목향,초록빛 화사한
cedarwood oil texas,시더향,우디한
(E)-2-tridecen-1-yl acetate,배향,매끈하고 프루티한
woody epoxide,앰버향,달콤하고 드라이한
(Z)-5-octen-1-yl propionate,멜론향,초록빛 트로피컬한
heliotropyl isobutyrate,베리향,프루티하고 트로피컬한
acetal,견과향,초록빛 흙내 나는
citrus reticulata blanco var. tangerine oil,오렌지향,시트러스 세련된
gurjun balsam oil,파촐리향,발사믹하고 스파이시한
filbert pyrazine,땅콩향,고소하고 오래된
cedarwood oil himalaya,시더향,
propyl salicylate,자두향,프루티한 클로버 같은
dodecyl propionate,과일향,와이니한
(Z)-3-hexen-1-yl salicylate,발삼향,화사하고 초록빛
spicy carbonate,향신료향,우디하고 화사한
2-acetyl furan,아몬드향,달콤한 발삼 같은
2-phenyl propyl acetate,히아신스향,달콤하고 초록빛
hexyl benzoate,발삼향,상쾌하고 우디한
dihydroactinidolide,살구향,무르익고 프루티한
(Z)-3-hexen-1-yl 2-methyl butyrate,사과향,상쾌하고 초록빛
jasmin nonane,풀잎향,
"(E,E)-2,4-decadien-1-ol",멜론향,부드럽고 매끈한
isopropyl 3-methyl thiocrotonate,갈바눔향,초록빛
para-anisaldehyde / methyl anthranilate schiff's base,산사나무꽃향,달콤하고 파우더리한
undecenal mixture (aldehyde C-11 mixed),장미향,깨끗하고 초록빛
amber naphthofuran,앰버향,드라이하고 우디한
juniperus communis fruit oil,발삼향,상쾌하고 우디한
beta-cyclocitral,장미향,트로피컬하고 허벌한
"2',4'-dimethyl acetophenone",미모사향,화사하고 우디한
plum damascone (high alpha),자두향,프루티하고 화사한
lavender oil russia,라벤더향,허벌하고 달콤한
musk gx 50% in IPM,머스크향,달콤하고 화사한
farnesyl acetone,와인향,프루티하고 화사한
"3,5,6-neocyclocitral",국화향,상쾌하고 초록빛
melon heptenal,향,상쾌하고 달콤한 비 온 뒤
cyclohexyl propanol,민트향,화사하고 초록빛
citronellyl hexanoate,장미향,프루티하고 화사한
terpeneless mandarin oil,귤향,
piperitone,장뇌향,허벌하고 시원한
2-propenyl-para-cymene,풀잎향,달콤하고 드라이한
cedrenol,나무향,달콤하고 부드러운
nerol,네롤리향,달콤하고 자연스러운
ginger root absolute,생강향,우디하고 상쾌한
genet absolute,건초향,달콤하고 트로피컬한
mimosa absolute india,풀잎향,화사하고 초록빛
star anise seed oil spain,아니스향,
orange carbonyls,오렌지향,자연스러운
jasminone,복숭아향,크리미한 코코넛 같은
fresh carbaldehyde,풀잎향,부드러운
green hexanal,풀잎향,세련되고 드라이한
methyl 2-hexenoate,파인애플향,부드럽고 초록빛
pineapple heptadienone 10%,갈바눔향,달콤하고 초록빛
isobutyl propionate,바나나향,프루티하고 초록빛
ginger root oil brazil,생강향,스파이시하고 우디한
cedarleaf oil terpeneless,시더향,우디하고 캄포릭한
3-(2-furyl) acrolein,풀잎향,초록빛 프루티한
phenethyl oxyacetaldehyde,장미향,초록빛 히아신스 같은
3-hexenal,토마토향,싱그러운 초록빛
2-phenethyl valerate,나뭇잎향,프루티한 장미 같은
verbenol,향,상쾌한 소나무 같은 비 온 뒤
S-furfuryl thioformate,커피향,유황빛 고소한
lemon oil distilled,껍질향,상쾌한 레몬 같은
ethyl 2-cyclohexyl propionate,배향,프루티하고 초록빛
sweet orange peel oil,오렌지향,상쾌하고 촉촉한
mandarin oil (citrus reticulata var. ponkan),귤향,
benzophenone,장미향,파우더리한 발삼 같은
gamma-damascone,장미향,프루티하고 화사한
rhodinyl butyrate,장미향,프루티하고 붉은
3-benzylidene-2-butanone,장뇌향,프루티한 베리 같은
1-dodecanol,비누향,흙내 나는 매끈한
dihydrolinalool,장미향,우디하고 시트러스
(Z)-3-hexenal,풀잎향,초록빛 부드러운
butyl phenyl acetate,장미향,
fresh nitrile,향,초록빛 우디한 비 온 뒤
(E)-methyl tiglate,럼향,몽환적인
phenyl acetaldehyde ethylene glycol acetal,꿀향,초록빛 매끈한
pimenta acris leaf oil,정향향,달콤하고 스파이시한
freesia acetate,백합향,상쾌하고 달콤한
propyl butyrate,살구향,프루티하고 달콤한
delta-hexalactone,코코넛향,크리미하고 프루티한
(±)-3-methyl-gamma-decalactone,복숭아향,프루티하고 크리미한
para-cresol,미모사향,약용의 수선화 같은
anisyl propanal / methyl anthranilate schiff's base,아니스향,달콤하고 초록빛
"2,4-ivy carbaldehyde / methyl anthranilate schiff's base",나무껍질향,상쾌하고 세련된
myrrh resinoid,발삼향,따뜻하고 우디한
(E)-3-hexen-1-ol,나무껍질향,초록빛 싱그러운
hyacinth ether,히아신스향,화사하고 초록빛
strawberry glycidate 2,딸기향,달콤하고 화사한
benzyl ethyl ether,파인애플향,프루티하고 트로피컬한
undecanal dimethyl acetal,꽃향,상쾌하고 시트러스
buchu mercaptan acetate,커런트향,검고 프루티한
isoamyl geranate,장미향,
eugenyl benzoate,정향향,은은한 발삼 같은
fir carboxylate,소나무향,자연스러운 초록빛
2-sec-butyl thiazole,풀잎향,허벌한
3-butylidene phthalide,셀러리향,허벌한
rhubarb undecane,루바브향,프루티하고 초록빛
gardenia oxide,치자꽃향,초록빛 프루티한
"(E,E)-farnesol",은방울꽃향,은은하고 화사한
2-methyl butyl acetate,과일향,무르익고 달콤한
2-isobutyl-3-methyl pyrazine,설탕향,허벌하고 초록빛
thuja occidentalis leaf oil,시더향,우디하고 스파이시한
1-hydroxy-2-butanone,커피향,달콤하고 오래된
phenethyl hexanoate,꿀향,달콤하고 화사한
heptanal cyclic propylene acetal,풀잎향,부드러운
ethyl 3-hexenoate,파인애플향,프루티하고 초록빛
citronellyl valerate,꿀향,허벌한 장미 같은
magnolia cyclohexanol,은방울꽃향,화사한 목련 같은
verdyl acetate,비누향,화사하고 초록빛
hydroxymethyl hexyl ethyl ketone,허브향,오래되고 달콤한
sweet orange peel oil c.p. brazil,오렌지향,상쾌하고 시트러스
2-ethyl-4-methyl thiazole,견과향,초록빛
styralyl isobutyrate,자스민향,프루티하고 트로피컬한
4-heptanone,치즈향,프루티하고 달콤한
tonkavert,통카향,
ortho-guaiacol,향신료향,약용의 우디한
methyl 4-methyl valerate,바나나향,프루티하고 달콤한
sandalwood oil,나무향,달콤하고 발사믹한
vanillin,바닐라향,달콤하고 크리미한
3-nonen-2-one,베리향,프루티하고 부드러운
cinnamyl tiglate,나무향,초록빛 허벌한
vetiver oil haiti,뿌리향,우디하고 흙내 나는
bois de rose oil brazil,장미향,달콤하고 화사한
citronellyl formate,베르가못향,
2-tetradecenal,시트러스향,매끈하고 부드러운
octanal propylene glycol acetal,풀잎향,우디한
strawberry glycidate 1 (aldehyde C-16 (so-called)),딸기향,달콤하고 프루티한
cherry pentenoate,체리향,프루티하고 초록빛
sage oil germany,유칼립투스향,
lemon oil washed,레몬향,상쾌한
citrus carbaldehyde,바다향,시트러스 기름진
abies alba cone oil,소나무향,상쾌하고 쌉쌀한
2-heptyl tetrahydrofuran,장미향,자연스러운 초록빛
cistus twig/leaf oil,나무향,따뜻하고 고풍스러운
neroli absolute,쁘띠그레인향,달콤하고 화사한
juniper carboxaldehyde,커런트향,허벌하고 검은
gardenia decalone,치자꽃향,초록빛 우디한
2-ethyl hexyl salicylate,난초향,은은하고 달콤한
boronia absolute,제비꽃향,따뜻하고 달콤한
peony acetonitrile,제라늄향,화사하고 상쾌한
4-(para-tolyl)-2-butanone,라즈베리향,달콤하고 프루티한
melon carboxaldehyde,멜론향,초록빛 상쾌한
tobacco leaf absolute,건초향,달콤하고 싱그러운
methyl methylene tricyclodecanol,생강향,우디하고 스파이시한
lavender absolute france,건초향,달콤하고 화사한
styralyl formate,미모사향,초록빛 화사한
butyl heptanoate,감초향,초록빛 프루티한
labdanum absolute,앰버향,우디하고 고풍스러운
(R)-2-phenyl propyl alcohol,히아신스향,화사하고 프루티한
tetrahydromyrcenyl acetate,라벤더향,상쾌하고 시트러스
ethyl isobutyrate,과일향,달콤하고 몽환적인
citronellyl acetate,장미향,화사하고 초록빛
dehydroxylinalool oxide,향신료향,초록빛 시원한
isopropyl anthranilate,산사나무꽃향,화사한 네롤리 같은
peppermint oil tasmania,페퍼민트향,
2-decalinyl formate,샌달우드향,우디하고 드라이한
propyl acetate,라즈베리향,프루티한 셀러리 같은
musk ketone,머스크향,부드럽고 드라이한
ethyl (Z)-3-hexenoate,배향,초록빛 트로피컬한
amyl anthranilate,포도향,
sweet orange peel oil folded california,오렌지향,달콤하고 상쾌한
cedrol methyl ether,시더향,우디하고 드라이한
nonanal diethyl acetal,장미향,세련되고 화사한
para-anisyl propanal,바질향,달콤하고 초록빛
theaspirane,차향,허벌하고 초록빛
amyl heptanoate,바나나향,몽환적이고 프루티한
violet methyl carbonate,제비꽃향,화사하고 초록빛
(E)-2-tridecenal,껍질향,매끈하고 시트러스
chrysanthemum oxide,국화향,초록빛 화사한
decyl acetate,비누향,매끈하고 깨끗한
bornyl formate,발삼향,초록빛 흙내 나는
diethyl laevo-tartrate,와인향,은은하고 프루티한
linalyl valerate,라벤더향,프루티하고 시트러스
isobutyl methyl ketone,향신료향,날카로운 초록빛
(Z)-3-hexen-1-yl oxyacetaldehyde,향,상쾌하고 촉촉한 비 온 뒤
coffea arabica seed extract,커피향,
petitgrain mandarin oil,포도향,달콤하고 깊은
tetrahydroionyl acetate,베리향,프루티하고 화사한
cumin acetaldehyde,커민향,흙내 나는 세련된
lavender oil,유칼립투스향,허벌하고 화사한
heptanal glyceryl acetal,흙향,축축하고 초록빛
benzyl isobutyrate,자스민향,윤기나는 프루티한
leather propionate,가죽향,프루티하고 드라이한
2-heptanol,레몬향,상쾌하고 허벌한
isoamyl isovalerate,사과향,달콤하고 프루티한
celery ketone,셀러리향,상쾌하고 초록빛
(Z)-4-heptenal diethyl acetal,오이향,초록빛 윤기나는
siam benzoin tincture,안식향향,
"(E,E)-2,6-alloocimene",꽃향,달콤하고 상쾌한
cassia leaf oil,시나몬향,우디하고 달콤한
dimethyl octanol,비누향,매끈하고 세련된
myrcene,발삼향,알싸하고 스파이시한
grapefruit menthane,자몽향,유황빛 시원한
gardenia acetal,치자꽃향,상쾌하고 시트러스
dextro-piperitone,페퍼민트향,허벌하고 시원한
amber decane,시더향,우디하고 드라이한
creamy lactone,자스민향,크리미하고 매끈한
methyl (E)-cinnamate,딸기향,달콤한 발삼 같은
linalyl isovalerate,라벤더향,시트러스 베르가못 같은
cuminyl acetate,베르가못향,상쾌하고 프루티한
cinnamyl phenyl acetate,발삼향,스파이시한 국화 같은
propylene acetal,풀잎향,프루티하고 초록빛
rose absolute (rosa centifolia) morocco,장미향,풍부하고 깊은
clary sage oil america,차향,상쾌하고 허벌한
epsilon-dodecalactone,복숭아향,달콤하고 프루티한
para-tert-butyl cyclohexanone,파촐리향,우디한 민트 같은
2-cyclohexyl cyclohexanone,시클라멘향,달콤하고 허벌한
"2,4-decadien-1-ol",멜론향,부드럽고 매끈한
vinyl sulfurol,채소향,오래되고 고소한
cadinene,나무향,상쾌한
"2,6-nonadienal",제비꽃향,초록빛 오이 같은
1-phenyl propyl alcohol,발삼향,달콤하고 화사한
fenchol,장뇌향,우디하고 드라이한
4-hexenol,채소향,톡쏘는 초록빛
civet absolute,꿀향,발사믹하고 파우더리한
heptanal cyclic acetal with glycerol,흙향,초록빛 윤기나는
vanillyl ethyl ether,럼향,달콤하고 크리미한
octyl cinnamate,발삼향,
sage oil sardinia,유칼립투스향,
dihydrocitronellyl ethyl ether,장미향,상쾌하고 시트러스
laevo-camphor,장뇌향,
dihydrocitronellyl acetate,장미향,상쾌하고 달콤한
methyl heptenone,사과향,시트러스 초록빛
(E)-nerolidol,꽃향,초록빛 시트러스
benzyl acetone,발삼향,화사한
geranyl phenyl acetate,꿀향,화사하고 트로피컬한
alpha-amyl cinnamyl acetate,자스민향,화사하고 프루티한
citronella oil,나무향,상쾌하고 달콤한
geranyl butyrate,장미향,달콤하고 프루티한
bornyl valerate,향신료향,우디한 베리 같은
cognac heptanone,파인애플향,초록빛 프루티한
cis-herbal cyclohexane,풀잎향,상쾌하고 허벌한
phenyl acetaldehyde diisobutyl acetal,아몬드향,달콤하고 초록빛
cedryl acetate,시더향,날카로운 드라이한
citronellyl nitrile,레몬향,상쾌하고 시트러스
beta-pinene,소나무향,드라이하고 우디한
amyl octanoate,오리스향,달콤하고 와이니한
methyl butyl phenyl acetate,히아신스향,싱그러운 크리미한
allyl heptanoate,파인애플향,달콤하고 프루티한
nonanal (aldehyde C-9),장미향,매끈하고 세련된
(E)-geranyl oxyacetaldehyde,향,깨끗하고 매끈한 비 온 뒤
(E)-2-hexen-1-yl valerate,사과향,초록빛 프루티한
isoamyl phenyl acetate,코코아향,달콤한 꿀 같은
ethyl linalyl acetal,은방울꽃향,달콤하고 상쾌한
rhubarb pyran,루바브향,화사하고 프루티한
tetrahydrofurfuryl acetate,카라멜향,프루티하고 몽환적인
herbal dioxane,장뇌향,상쾌하고 초록빛
benzoin,바닐라향,발사믹하고 약용의
ortho-cresol,허브향,오래되고 약용의
citronellyl (R)-lactate,백합향,화사하고 따뜻한
bread thiophene,아몬드향,달콤하고 우디한
heptyl valerate,과일향,
sandal pentenone,샌달우드향,우디한
ethyl 2-hydroxy-2-methyl butyrate,카라멜향,고소한
indolall,인돌향,
octanoic acid,채소향,부드럽고 매끈한
citral dimethyl acetal,레몬향,초록빛 화사한
rhubarb oxirane,루바브향,상쾌하고 우디한
ethyl decanoate,사과향,달콤하고 매끈한
apple crotonate,사과향,프루티하고 촉촉한
cyclohexyl cinnamate,복숭아향,프루티하고 쌉쌀한
(E)-cinnamic acid,발삼향,달콤한
benzyl butyrate,자스민향,상쾌하고 프루티한
star anise seed oil terpeneless,감초향,달콤한 아니스 같은
dihydromyrcenol,라임향,상쾌하고 시트러스
(-)-menthone,페퍼민트향,깊고 허벌한
hawthorn ethanol,장미향,화사하고 우디한
dodecyl isobutyrate,과일향,윤기나는 부드러운
myrrh oil,앰버향,발사믹하고 드라이한
jasmin lactone (IFF),꽃잎향,윤기나는 프루티한
ambroxan,용연향,고풍스러운 달콤한
herbal acetal,향신료향,허벌하고 초록빛
seaweed absolute (fucus vesiculosus et serratus),풀잎향,허벌하고 약용의
amyl valerate,사과향,무르익고 프루티한
sweet fennel seed oil,아니스향,달콤하고 흙내 나는
isojasmone,자스민향,달콤하고 화사한
para-methyl phenoxyacetaldehyde,멜론향,화사한 건초 같은
2-tropical oxathiane,갈바눔향,초록빛 트로피컬한
D-(+)-beta-pinene,소나무향,달콤하고 상쾌한
butyl laurate,비누향,매끈하고 프루티한
ethyl vanillin,바닐라향,달콤하고 크리미한
ethyl propionate,럼향,달콤하고 프루티한
allyl 2-ethyl butyrate,과일향,몽환적인 견과 같은
violet leaf absolute egypt,오이향,윤기나는 초록빛
para-anisyl nitrile,산사나무꽃향,달콤하고 화사한
allyl cinnamate,파인애플향,프루티하고 발사믹한
"dextro,laevo-menthol",페퍼민트향,시원하고 우디한
cassis cyclohexene,베리향,허벌하고 프루티한
(-)-alpha-terpineol,라일락향,화사하고 테르페닉한
sandal octanol,샌달우드향,달콤하고 화사한
cherry oxyacetate,체리향,프루티하고 파우더리한
linalyl hexanoate,배향,초록빛 따뜻한
peppermint cyclohexanone,민트향,상쾌하고 우디한
berry pentadienoate,딸기향,프루티하고 트로피컬한
santalyl butyrate,발삼향,우디하고 프루티한
orris rhizome resinoid (iris pallida),코코아향,달콤하고 파우더리한
benzyl valerate,사과향,프루티하고 화사한
ethyl cyclopentenolone,메이플향,달콤한 카라멜 같은
allyl octanoate,파인애플향,매끈하고 프루티한
gamma-butyrolactone,카라멜향,크리미하고 윤기나는
(Z)-3-hexen-1-yl (E)-2-hexenoate,풀잎향,초록빛 프루티한
(E)-2-phenyl-1(2)-propene-1-yl acetate,네롤리향,달콤한 꿀 같은
musk dimethyl indane,시더향,우디한 머스크 같은
benzaldehyde dimethyl acetal,뿌리향,초록빛 흙내 나는
(Z)-12-musk decenone,머스크향,
ethyl formate,장미향,몽환적이고 초록빛
orris rhizome absolute (iris pallida),베리향,달콤하고 화사한
2-phenyl propyl butyrate,럼향,달콤하고 프루티한
phenyl acetaldehyde digeranyl acetal,장미향,화사하고 초록빛
flower hexene,배향,초록빛 상쾌한
phenethyl benzoate,장미향,부드럽고 화사한
mandarin oil (citrus reticulata blanco var. mandarin) japan,귤향,
isobutyl isovalerate,사과향,달콤하고 프루티한
hydroxycitronellal residue,백합향,상쾌하고 화사한
grosso lavandin oil,라벤더향,상쾌하고 허벌한
phenethyl butyl ether,치자꽃향,초록빛 버섯 같은
(Z)-linalool oxide (furanoid),흙향,화사하고 달콤한
cinnamyl benzoate,발삼향,스파이시하고 버터리한
(E)-methyl geranate,밀랍향,초록빛 프루티한
beta-bisabolene,발사믹향,우디한
green dioxolane,국화향,초록빛 프루티한
hop oil,풀잎향,날카로운 스파이시한
ethyl undecanoate,비누향,매끈하고 부드러운
(E)-2-hexen-1-yl butyrate,살구향,초록빛 프루티한
tetrahydrojasmone,코코넛향,달콤하고 스파이시한
peppermint oil morocco,페퍼민트향,깨끗하고 톡쏘는
rhodinyl propionate,장미향,
(E)-2-hepten-1-yl acetate,파인애플향,달콤하고 매끈한
linalyl acetate,베르가못향,달콤하고 초록빛
3-hexanol,약용의,
ethyl 3-acetoxyhexanoate,과일향,초록빛
phenethyl anthranilate,장미향,달콤하고 화사한
dipentene terpene hydrocarbon byproducts,소나무향,시트러스 허벌한
para-jasmone,치자꽃향,화사한 자스민 같은
alpha-phellandrene,시트러스향,허벌하고 초록빛
musk methyl propionate,베리향,프루티한 머스크 같은
beta-caryophyllene alcohol,이끼향,따뜻하고 우디한
(Z)-3-hexen-1-yl pyruvate,멜론향,초록빛 윤기나는
"ethyl 3,5,5-trimethyl hexanoate",사과향,프루티하고 초록빛
guaiacyl phenyl acetate,발삼향,묵직하고 약용의
patchouli oil china,나무향,흙내 나는
3-phenyl propyl alcohol,히아신스향,달콤하고 스파이시한
hexyl acetate,사과향,프루티하고 초록빛
"2,6-lutidine",코코아향,고소하고 우디한
cubeb oil,장미향,상쾌하고 스파이시한
isobutyl decanoate,살구향,윤기나는 달콤한
ethyl 2-methyl butyrate,사과향,날카로운 달콤한
isopropyl hexanoate,베리향,프루티한 파인애플 같은
rhubafuran,루바브향,초록빛 시트러스
jasmin cyclopentanone,자스민향,은은하고 프루티한
3-nonanon-1-yl acetate,과일향,화사하고 매끈한
dextro-borneol,장뇌향,흙내 나는 소나무 같은
"2,10-epoxypinane",세이지향,허벌한 로즈마리 같은
(E)-cinnamyl propionate,포도향,프루티한 발삼 같은
(Z)-3-hepten-1-yl acetate,바나나향,초록빛 트로피컬한
nerolidol,꽃향,초록빛 매끈한
opoponax resinoid (balsamodendron kafal),발삼향,달콤하고 스파이시한
petitgrain oil terpenes,나무향,달콤하고 화사한
methyl dihydrojasmonate,자스민향,화사하고 윤기나는
sage oil dalmatian,시더향,
tetramethyl-4-methylene-2-heptanol,앰버향,깨끗하고 드라이한
isobutyl isobutyrate,과일향,몽환적이고 프루티한
isoamyl alcohol,바나나향,프루티한
2-benzofuran carboxaldehyde,아몬드향,쌉쌀한
allyl hexanoate,파인애플향,달콤하고 프루티한
ethyl hydrocinnamate,장미향,프루티한 히아신스 같은
hexyl phenyl acetate,장미향,달콤하고 초록빛
tetrahydrolinalyl acetate,베르가못향,상쾌하고 우디한
coconut absolute,과일향,상쾌하고 부드러운
sulfurol,부드러운,
trans-para-menthan-2-one,스피어민트향,우디하고 시원한
benzyl lactate,버터향,화사하고 부드러운
lilyall,은방울꽃향,화사하고 촉촉한
acetaldehyde dihexyl acetal,풀잎향,달콤하고 몽환적인
musk tetralin,앰버향,달콤하고 프루티한
"2,6-dimethyl octanal",풀잎향,드라이하고 매끈한
earthy indane,산사나무꽃향,화사하고 시원한
sumatra benzoin resin,바닐라향,달콤하고 스파이시한
(E)-citronellyl tiglate,장미향,프루티하고 화사한
amyl butyrate,바나나향,달콤하고 프루티한
peppermint oil america,페퍼민트향,깨끗하고 톡쏘는
methoxymethyl pyrazine,땅콩향,고소하고 상쾌한
mandarin oil decolorized,귤향,화사하고 시트러스
2-ethyl fenchol + arbanol,흙향,
laevo-rose oxide,장미향,초록빛 화사한
floral butanal,은방울꽃향,화사하고 초록빛
cedryl methyl ether,용연향,드라이하고 우디한
fruity carboxylate,럼향,달콤하고 프루티한
phenyl pyruvic acid,꿀향,달콤하고 약용의
(+)-nootkatone,자몽향,시트러스 우디한
sweet orange peel oil c.p. valencia,오렌지향,상쾌하고 촉촉한
cyclohexyl ethyl alcohol,모란향,화사하고 매끈한
nutty quinoxaline,견과향,오래되고 로스팅된
lime oil expressed terpeneless,라임향,상쾌하고 달콤한
lavender absolute bulgaria,꽃향,달콤하고 허벌한
dimyrcetol (IFF),라임향,상쾌하고 허벌한
raspberry ketone methyl ether,라즈베리향,달콤하고 말린
isopropyl isovalerate,사과향,프루티하고 와이니한
ocimenol,레몬향,상쾌하고 시트러스
muscomer,앰버향,달콤하고 화사한
lepidine,허브향,그을린 윤기나는
dextro-limonene oxide,풀잎향,시트러스 프루티한
geranyl isobutyrate,복숭아향,달콤하고 화사한
(E)-2-tetradecenal,후추향,시트러스 매끈한
para-tert-butyl quinoline,베티버향,흙내 나는 가죽 같은
rhodinyl formate,장미향,말린 초록빛
6-amyl-alpha-pyrone,통카향,크리미하고 매끈한
4-cyclohexyl cyclohexanone,오리스향,화사하고 우디한
maltyl propionate,딸기향,달콤하고 카라멜릭한
white sassafras oil,장뇌향,달콤하고 스파이시한
homocuminic aldehyde,나무향,초록빛 초목 같은
2-pentyl-2-cyclohexen-1-one,오렌지향,크리미한 은방울꽃 같은
hazelnut pyrazine,견과향,오래되고 흙내 나는
2-ethyl hexyl acetate,흙향,허벌한
terpineol acetate,베르가못향,달콤하고 허벌한
laevo-beta-pinene,소나무향,드라이하고 우디한
4-phenyl-2-butanol,모란향,화사하고 달콤한
neryl phenyl acetate,꿀향,
isophytol,꽃향,은은하고 허벌한
curled parsley seed oil,나무향,따뜻하고 스파이시한
atlas cedarwood oil,나무향,드라이하고 우디한
2-heptanone,코코넛향,프루티하고 스파이시한
diethyl malate,설탕향,달콤하고 프루티한
3-octyl tiglate,과일향,스파이시하고 말린
alpha-amyl cinnamyl isovalerate,담배잎향,프루티하고 윤기나는
cassis pentanone,뿌리향,유황빛 초록빛
nonyl octanoate,장미향,달콤하고 화사한
2-methyl butyl isovalerate,치즈향,허벌하고 프루티한
citronellyl phenyl acetate,꿀향,상쾌하고 달콤한
juniparome (Takasago),로즈마리향,허벌하고 우디한
dihydro-alpha-terpinyl acetate,라임향,상쾌하고 허벌한
fenugreek absolute,메이플향,달콤하고 스파이시한
terpinyl cinnamate,와인향,달콤한 발삼 같은
3-octanon-1-ol,과일향,허벌하고 스파이시한
beta-ocimene,시트러스향,트로피컬하고 초록빛
thyme oil (thymus zygis gracillis) spain,장뇌향,허벌한 타임 같은
amber dioxepine,라벤더향,상쾌하고 달콤한
diphenyl oxide,제라늄향,초록빛 약용의
isoamyl acetoacetate,와인향,몽환적이고 달콤한
(Z)-4-decenal,오렌지향,시트러스 세련된
tangerine oil terpeneless,귤향,달콤하고 시트러스
copaiba balsam oil,발삼향,따뜻하고 스파이시한
dextro-limonene,오렌지향,시트러스 상쾌한
(E)-2-pentenal,사과향,톡쏘는 초록빛
neryl acetone,부드러운,
lemon oil terpeneless,레몬향,상쾌하고 달콤한
bay oil terpenes,스파이시향,
1-decen-3-ol,버섯향,매끈한
nopol,소나무향,달콤하고 발사믹한
para-ethyl acetophenone,산사나무꽃향,화사한
propyl phenyl acetate,꿀향,달콤하고 화사한
veltonal (Bedoukian),담배잎향,드라이하고 달콤한
oakmoss phenol,건초향,프루티하고 우디한
methyl 3-hexenoate,흙향,달콤하고 프루티한
geranyl cinnamate,발삼향,
anethum graveolens herb oil,캐러웨이향,허벌하고 초록빛
beta-ionol,제비꽃향,달콤하고 허벌한
lilac pentanol,라일락향,달콤하고 상쾌한
patchouli ethanone,용연향,우디하고 드라이한
sumatra benzoin resinoid,바닐라향,달콤하고 스파이시한
nopyl acetate,소나무향,허벌하고 우디한
dihydroisojasmonate methyl ester,자스민향,초록빛 화사한
sweet orange peel oil c.p. florida,오렌지향,상쾌하고 촉촉한
docosane,밀랍향,
cassia bark oil china,꿀향,달콤하고 스파이시한
cyclohexyl formate,바나나향,몽환적이고 시원한
(E)-2-hepten-1-ol,풀잎향,톡쏘는 부드러운
amyl formate,바나나향,몽환적이고 프루티한
narcissus flower absolute,나무껍질향,초록빛 달콤한
octyl benzoate,발삼향,프루티한
methyl (Z)-5-octenoate,과일향,달콤하고 우디한
tetrahydromyrcenol,라임향,상쾌하고 달콤한
"3,6-nonadien-1-ol",제비꽃향,상쾌하고 초록빛
linalyl butyrate,바나나향,프루티한 베르가못 같은
phenyl acetaldehyde / methyl anthranilate schiff's base,히아신스향,초록빛 화사한
alpha-ionol,제비꽃향,트로피컬하고 달콤한
2(1)-orris butanal,가죽향,우디한 오리스 같은
dehydro beta-linalool,머스크향,달콤하고 매끈한
tetrahydroionol,제비꽃향,은은하고 화사한
sandel,샌달우드향,달콤하고 윤기나는
decanal diethyl acetal,이끼향,상쾌하고 세련된
(Z)-3-hexen-1-yl hexanoate,배향,프루티하고 초록빛
butyrophenone,장뇌향,
myrtenal,시나몬향,달콤하고 스파이시한
methyl nonanoate,배향,달콤하고 프루티한
frankincense absolute,향나무향,우디하고 테르페닉한
linalyl benzoate,베르가못향,화사하고 허벌한
isoamyl octanoate,비누향,달콤하고 윤기나는
floral pyranol,은방울꽃향,상쾌하고 부드러운
cyclotene hydrate,카라멜향,
maltol,카라멜향,달콤하고 프루티한
cabreuva wood oil,나무향,드라이하고 달콤한
acetovanillone,달콤한,
herbal ketone,풀잎향,상쾌하고 달콤한
methyl furfuryl disulfide,커피향,유황빛 로스팅된
methyl benzoate,아몬드향,약용의 화사한
"2,6-dimethyl pyrazine",코코아향,몽환적이고 고소한
beta-caryophyllene oxide,나무향,달콤하고 상쾌한
(Z)-3-hexen-1-yl phenyl acetate,장미향,초록빛 매끈한
isoprenyl acetate,과일향,
pine needle oil dwarf,소나무향,달콤하고 우디한
laevo-menthyl acetate,차향,멘톨릭하고 시원한
clove leaf oil terpeneless,정향향,스파이시한
cedarwood oil china,시더향,우디하고 그을린
isobutyl quinoline,가죽향,허벌하고 초록빛
(Z)-3-hexen-1-yl formate,채소향,상쾌하고 초록빛
meaty dithiane,감칠맛향,
frankincense resin,향나무향,고풍스러운 나무 같은
(E)-2-undecenal,오렌지향,상쾌하고 프루티한
guaiacwood oil,차향,달콤하고 드라이한
geranium oil bourbon,장미향,화사하고 초록빛
butyric acid,버터향,날카로운 치즈 같은
sage oil hydrodistillation france,유칼립투스향,
solanone,멜론향,프루티한 담배잎 같은
green heptenal,향,상쾌하고 초록빛 비 온 뒤
sandal cyclohexanol,샌달우드향,깨끗하고 달콤한
phenethyl isopropyl ether,장미향,초록빛 스파이시한
skatole,인돌향,
"methyl 2,6,10-trimethyl cyclododeca-2,5,9-trienyl ketone",머스크향,우디한 용연 같은
privet dioxane,자스민향,상쾌하고 윤기나는
sabinene,소나무향,우디하고 시트러스
ethyl (E)-2-hexenoate,오렌지향,초록빛 프루티한
1-hexen-3-ol,럼향,몽환적이고 초록빛
terpinolene,소나무향,상쾌하고 우디한
"(3alpha,5alpha)-androst-16-en-3-ol",머스크향,자연스러운
spruce needle oil canada,전나무향,우디하고 허벌한
(Z)-6-nonen-1-yl acetate,멜론향,초록빛 트로피컬한
abrialis lavandin oil,비누향,허벌하고 스파이시한
patchouli ethanol,파촐리향,드라이하고 우디한
isoamyl isobutyrate,포도향,프루티하고 몽환적인
isobutyl 2-butenoate,배향,프루티하고 드라이한
rose pyran,장미향,상쾌하고 초록빛
methyl 3-(methyl thio) propionate,채소향,유황빛 달콤한
3-butyl phthalide,셀러리향,허벌하고 약용의
"2,4,5-trimethyl oxazole",견과향,고소하고 로스팅된
dextro-dihydrocarvone,스피어민트향,따뜻하고 허벌한
ethyl 2-mercaptopropionate,양파향,유황빛 초록빛
sandalwood oil west australia (santalum spicatum),발삼향,드라이하고 부드러운
2-methyl pyrazine,코코아향,고소하고 로스팅된
cyclamen homoaldehyde,은방울꽃향,화사하고 초록빛
lemon hexadiene,레몬향,
isopulegyl acetate,페퍼민트향,우디하고 달콤한
carvyl acetate,스피어민트향,초록빛 시원한
popcorn pyrimidine,로스팅된,
hydroxycitronellal / methyl anthranilate schiff's base,백합향,화사하고 달콤한
hydroxycitronellal diisotridecyl acetal,나무향,상쾌하고 달콤한
amyris acetate,시더향,우디하고 부드러운
acetaldehyde diisoamyl acetal,과일향,몽환적이고 초록빛
ho leaf oil,꽃향,달콤하고 우디한
gamma-nonalactone (aldehyde C-18 (so-called)),코코넛향,크리미하고 매끈한
herbal carene,클라리세이지향,허벌하고 드라이한
caryophyllene alcohol,이끼향,스파이시하고 흙내 나는
peppermint oil yakima,페퍼민트향,깨끗한
(Z)-6-nonenal,오이향,초록빛 매끈한
(Z)-dairy lactone,밀랍향,달콤하고 부드러운
cortex pyridine,나무껍질향,상쾌하고 초록빛
jasmin cyclopentanol,자스민향,화사하고 초록빛
ethyl butyrate,과일향,프루티하고 촉촉한
caryophyllene,향신료향,달콤하고 우디한
sea resorcylate,달콤한,
methional,토마토향,오래되고 흙내 나는
"(E,Z)-2,6-dodecadienal",귤향,깊고 시트러스
diphenyl methane,제라늄향,달콤하고 초록빛
apium graveolens seed oil egypt,셀러리향,
geosmin,흙향,
methyl palmitate,오리스향,윤기나는 매끈한
petal pyranone,코코넛향,윤기나는 프루티한
amyl phenyl acetate,발삼향,
clary propyl acetate,클라리세이지향,허벌하고 프루티한
hexanal propylene glycol acetal,채소향,상쾌하고 초록빛
methyl vetivate,나무향,드라이하고 알싸한
bran resinoid,꿀향,
bergamot acetoacetate,베르가못향,상쾌하고 허벌한
benzyl anthranilate,백합향,화사한 자몽 같은
sclareolide,용연향,드라이하고 우디한
(Z)-musk pentane,머스크향,자연스러운 프루티한
(+)-nerolidol,꽃향,은은한
ethylene dodecanoate,머스크향,달콤하고 깨끗한
nonanol,장미향,상쾌하고 부드러운
2-isopropoxyethyl salicylate,체리향,달콤하고 화사한
methyl hydrogenated rosinate,앰버향,발사믹하고 우디한
(±)-menthol,민트향,시원하고 멘톨릭한
isobornyl formate,장뇌향,오래되고 우디한
acetyl cedrene,앰버향,따뜻하고 우디한
caramel furanone solution,카라멜향,달콤하고 그을린
ethyl 3-(2-furyl) propanoate,파인애플향,달콤하고 프루티한
geranyl tiglate,제라늄향,프루티하고 달콤한
undecanal,비누향,매끈하고 화사한
butyl formate,럼향,프루티한 자두 같은
"(±)-2,3-dihydrofarnesol",은방울꽃향,화사하고 초록빛
butyl laevo-lactate,버섯향,달콤하고 프루티한
para-anisyl acetate,발삼향,달콤하고 파우더리한
(Z)-linalool oxide (pyranoid),시트러스향,초록빛
propyl benzoate,발삼향,고소한
laevo-carveol,스피어민트향,시원하고 초록빛
citronellal diisotridecyl acetal,장미향,상쾌하고 프루티한
mandarin oil argentina,귤향,상쾌한 오렌지 같은
beeswax absolute,꿀향,달콤하고 매끈한
butyl cinnamate,발삼향,달콤하고 스파이시한
ocimene quintoxide,셀러리향,달콤하고 시트러스
armoise oil,시더잎향,상쾌하고 허벌한
"1-allyl-2,2,7,7-tetramethyl cycloheptanol",장뇌향,우디하고 흙내 나는
nerolidyl isobutyrate,베르가못향,프루티하고 초록빛
2-methyl hexanoic acid,치즈향,프루티하고 윤기나는
acetyl butyryl,카라멜향,드라이하고 달콤한
muguet butanal,은방울꽃향,화사하고 달콤한
privetone,풀잎향,상쾌한
ocean propanal / methyl anthranilate schiff's base,향,상쾌하고 초록빛 비 온 뒤
1-formyl-3-isohexenyl-3-cyclohexene,오렌지향,세련되고 청량한
geranyl acetate,장미향,화사하고 초록빛
amber oxepin,앰버향,드라이하고 파우더리한
"bornane-3,1-cyclopenta-2-one",베티버향,우디한 클라리세이지 같은
2-methoxy-3-methyl pyrazine,헤이즐넛향,로스팅된 아몬드 같은
pentadecanoic acid,밀랍향,
neroli oil bigarde,쁘띠그레인향,달콤하고 화사한
passiflora acetate,과일향,유황빛 달콤한
citral / methyl anthranilate schiff's base,레몬향,상쾌하고 달콤한
butyl anthranilate,쁘띠그레인향,달콤하고 프루티한
benzaldehyde glycrol acetal,체리향,쌉쌀하고 달콤한
rhodinyl acetate,장미향,붉고 파우더리한
peony alcohol,장미향,자연스러운 화사한
(Z)-oleyl alcohol,부드러운,
beta-sinensal,오렌지향,달콤하고 상쾌한
(E)-tiglic acid,카라멜향,달콤하고 드라이한
dihydrojasmone,자스민향,상쾌하고 우디한
tonka undecanone,발삼향,달콤하고 스파이시한
patchouli oil decolorized,나무향,고풍스러운 우디한
isoamyl undecylenate,장미향,화사하고 매끈한
blood orange oil italy,오렌지향,달콤하고 시트러스
octanal (aldehyde C-8),오렌지향,세련되고 매끈한
grapefruit pentanol,베티버향,초록빛 시트러스
ambrinol,머스크향,자연스러운 앰버 같은
geranyl valerate,파인애플향,프루티한 장미 같은
vanilla oleoresin bourbon,바닐라향,달콤하고 프루티한
citronellyl isobutyrate,제라늄향,달콤하고 프루티한
grapefruit acetal,자몽향,상쾌하고 시트러스
4-hydroxybenzaldehyde,아몬드향,달콤하고 고소한
gamma-decalactone,복숭아향,상쾌하고 윤기나는
callitris intratropica wood oil australia,나무향,화사하고 흙내 나는
para-anisyl formate,바닐라향,프루티하고 화사한
musk 89 (IFF),머스크향,
"N,N-diethyl octanamide",향신료향,달콤하고 상쾌한
methyl valerate,사과향,달콤하고 초록빛
patchouli alcohol,파촐리향,흙내 나는 파우더리한
peppermint oil willamette,캔디향,시원하고 초록빛
mint lactone,코코넛향,달콤하고 크리미한
para-alpha-dimethyl styrene,정향향,약용의 스파이시한
green carbaldehyde,풀잎향,상쾌하고 세련된
isoamyl decanoate,바나나향,매끈하고 프루티한
apium graveolens seed oil india,허브향,상쾌하고 초록빛
isobutyl benzyl carbinol,셀러리향,초록빛 화사한
3-phenyl propyl propionate,히아신스향,화사한 발삼 같은
alpha-dihydroterpineol,소나무향,달콤하고 테르페닉한
propyl isobutyrate,멜론향,달콤하고 무르익은
allyl phenethyl ether,버섯향,초록빛 프루티한
3-phenyl propyl acetate,발삼향,달콤하고 스파이시한
peppermint oil india,페퍼민트향,
ambrette seed oil,머스크향,상쾌하고 파우더리한
isopropyl tiglate,민트향,달콤하고 초록빛
ethyl palmitate,밀랍향,은은하고 프루티한
2-hexen-1-ol,과일향,초록빛 싱그러운
geranyl hexanoate,장미향,프루티하고 매끈한
methyl benzoxole,담배잎향,그을린 약용의
diethyl malonate,사과향,달콤하고 프루티한
ethyl 3-hydroxyhexanoate,포도향,프루티하고 그을린
octen-1-yl cyclopentanone,복숭아향,프루티하고 초록빛
geranyl heptanoate,코냑향,화사한
timber propanol,앰버향,드라이하고 우디한
(+)-alpha-santalyl acetate,샌달우드향,우디하고 파우더리한
"2,4-dimethyl-3-cyclohexene-1-methanol",꽃잎향,상쾌하고 화사한
freesia heptanol,꽃향,상쾌하고 우디한
heliotropyl alcohol,바닐라향,달콤하고 파우더리한
isobornyl isobutyrate,발삼향,허벌하고 스파이시한
gamma-terpinene,나무향,윤기나는 트로피컬한
"methyl (E,Z)-2,4-decadienoate",배향,프루티하고 매끈한
alpha-sinensal,오렌지향,시트러스 파우더리한
barosma betulina leaf oil,커런트향,유황빛 초록빛
camphor tree bark oil,장뇌향,향긋하고 시원한
(E)-2-undecen-1-ol,장미향,화사하고 매끈한
"2-methyl thio-3,5 or 6-methyl pyrazine",땅콩향,고소하고 흙내 나는
lime oil distilled mexico,라임향,상쾌하고 달콤한
2'-hydroxyacetophenone,산사나무꽃향,약용의 달콤한
buchu oxime,나뭇잎향,상쾌하고 프루티한
(Z)-2-nonen-1-ol,멜론향,매끈하고 달콤한
2-decanone,오렌지향,화사하고 부드러운
perilla alcohol,커민향,초록빛 스파이시한
petitgrain mandarin oil terpeneless,포도향,
10-undecen-1-yl acetate,장미향,상쾌한
isoamyl salicylate,난초향,화사하고 허벌한
galbanum oxyacetate,갈바눔향,초록빛 허벌한
vanilla carboxylate,파인애플향,프루티한 베리 같은
bornyl 2-methyl butyrate,허브향,우디한
hexyl 2-methyl butyrate,사과향,초록빛 매끈한
musk indanone,머스크향,풍부하고 스파이시한
rose blossom pentanol,꽃봉오리향,매끈한 장미 같은
acetyl isobutyryl,과일향,달콤하고 버터리한
phenethyl heptanoate,살구향,화사한 장미 같은
menthoxypropane diol,과일향,은은하고 시원한
6-hydroxydihydrotheaspirane (mixture of isomers),장뇌향,우디하고 흙내 나는
citronella oil java,토마토향,상쾌하고 달콤한
2-methyl octanal,백합향,화사한 장미 같은
bitter orange peel oil terpeneless,오렌지향,달콤하고 촉촉한
lavender oil france,유칼립투스향,허벌하고 화사한
alpha-pinene,장뇌향,상쾌하고 달콤한
red thyme oil spain,허브향,스파이시하고 약용의
(Z)-3-hexen-1-yl acetate,바나나향,상쾌하고 초록빛
peppermint oil montana,페퍼민트향,깨끗하고 톡쏘는
muguet butanol,은방울꽃향,화사하고 초록빛
anisole,아니스향,약용의 몽환적인
dibutyl sebacate,과일향,윤기나는
(E)-2-hexenal propylene glycol acetal,사과향,은은하고 초록빛
acetal 318,꽃향,달콤하고 프루티한
(Z)-3-hexen-1-yl 2-methyl-2-pentenoate,풀잎향,상쾌하고 자연스러운
formoxymethyl isolongifolene,앰버향,우디하고 드라이한
vanillin hexylene glycol acetal,바닐라향,달콤하고 크리미한
hexyl lactate,꽃향,달콤하고 초록빛
2-tert-butyl cyclohexanone,장뇌향,우디하고 시원한
2-methyl-2-hexenoic acid,치즈향,프루티한
citral-less lemon oil,레몬향,시트러스
sage oil cuba,유칼립투스향,
rhodinyl acetate substitutes,베리향,달콤하고 화사한
beta-caryophyllene,향신료향,달콤하고 우디한
bigarade oxide,쁘띠그레인향,우디하고 허벌한
grapefruit indene,자몽향,상쾌하고 시트러스
ambrette seed absolute,머스크향,드라이하고 우디한
undecyl acetate,밀랍향,윤기나는 깨끗한
4-dimethyl ionone,제비꽃향,달콤하고 화사한
nerolidyl acetate,프리지아향,상쾌하고 달콤한
mandarin oil italy,귤향,화사하고 시트러스
alpha-ambrinol,머스크향,자연스러운 앰버 같은
galbanum decatriene,갈바눔향,상쾌하고 초록빛
petitgrain absolute france,쁘띠그레인향,
propyl heptanoate,사과향,달콤하고 무르익은
henicosane,밀랍향,
vanilla bean absolute (vanilla planifolia),바닐라향,달콤하고 발사믹한
dimethyl benzyl carbinyl acetate,장미향,달콤하고 화사한
fir balsam absolute,전나무향,우디하고 달콤한
peach cyclopentanone,복숭아향,프루티하고 트로피컬한
alpha-caryophyllene alcohol,나무향,스파이시하고 흙내 나는
hyacinth acetals,꿀향,화사하고 초록빛
muguet undecadienal,은방울꽃향,세련되고 매끈한
marine carbonitrile,향,시트러스 깨끗한 비 온 뒤
anise seed oil,아니스향,달콤한 감초 같은
2-octanol,스파이시향,상쾌하고 초록빛
woody propanol,앰버향,따뜻하고 우디한
4-methyl octanoic acid,우유향,부드럽고 매끈한
alpha-cedrene epoxide,앰버향,우디하고 상쾌한
isoeugenyl acetate,카네이션향,달콤하고 스파이시한
ginger oil terpenes,생강향,스파이시한
allspice leaf oil terpeneless,시나몬향,달콤하고 스파이시한
douglas fir oil,전나무향,상쾌하고 우디한
ethyl levulinate,베리향,달콤하고 프루티한
ionone mixed isomers,제비꽃향,달콤하고 화사한
(Z)-3-hexen-1-yl (Z)-3-hexenoate,토마토향,초록빛 트로피컬한
leerall,은방울꽃향,화사하고 우디한
2-ethyl pyrazine,땅콩향,오래되고 고소한
dihydrorose oxide,장미향,초록빛 허벌한
clover nitrile,난초향,
jasmin acetate,자스민향,상쾌하고 달콤한
vanillyl isobutyrate,바닐라향,달콤하고 크리미한
black pepper oil,스파이시향,따뜻하고 테르페닉한
tangerine nitrile,귤향,달콤하고 세련된
ortho-methyl anisole,견과향,달콤하고 화사한
pepper tree berry oil,소나무향,알싸하고 우디한
nutty cyclohexenone,카라멜향,약용의 견과 같은
phenoxyacetaldehyde 50% in peomosa,향,상쾌하고 초록빛 비 온 뒤
allyl sorbate,파인애플향,프루티한
"(E)-2,5,9-trimethyl-4,9-decadien-1-al",꽃향,세련되고 파우더리한
3-nonanol,향신료향,허벌하고 윤기나는
2-dodecenal,귤향,초록빛 시트러스
hexanal dimethyl acetal,풀잎향,달콤하고 드라이한
patchouli oil molecular distilled,파촐리향,
menthofuran,커피향,톡쏘는 오래된
dehydrolinalool,곰팡이향,
fruity ketal,사과향,상쾌하고 프루티한
daucus carota fruit oil,커민향,달콤하고 상쾌한
(E)-jasmone,버섯향,
grapefruit oil terpeneless,자몽향,드라이하고 흙내 나는
dihydromyrcene,허브향,시트러스 테르페닉한
peach nitrile,복숭아향,가볍고 프루티한
(E)-2-tridecen-1-ol,껍질향,은은하고 매끈한
2-pentyl acetate,채소향,허벌하고 오래된
herbal pyran,자스민향,화사하고 허벌한
strawberry furanone methyl ether,버섯향,달콤하고 그을린
woody dioxolane,앰버향,드라이하고 우디한
beta-ionone epoxide,베리향,프루티하고 달콤한
2-pentenal,사과향,톡쏘는 초록빛
3-phenyl propionic acid,장미향,달콤하고 부드러운
isobutyl hexanoate,파인애플향,프루티하고 초록빛
(E)-ethyl geranate,장미향,우디하고 초록빛
ambrene acetal,시더향,우디하고 드라이한
heptyl acetate,럼향,상쾌하고 초록빛
cedarleaf oil western red,시더잎향,상쾌하고 날카로운
maple furanone,메이플향,달콤하고 프루티한
fish thiol,유황빛,
amber pentadecane,앰버향,따뜻하고 우디한
alpha-amyl cinnamaldehyde diethyl acetal,자스민향,몽환적이고 화사한
para-acetanisole,산사나무꽃향,달콤하고 아니시한
siam benzoin resinoid,바닐라향,달콤하고 발사믹한
hexahydrofarnesyl acetone,자스민향,윤기나는 허벌한
green carboxylate,포도향,달콤하고 프루티한
alpha-methyl cinnamyl alcohol,발삼향,달콤하고 화사한
lily pentanal,백합향,세련되고 초록빛
benzyl acetate,자스민향,달콤하고 화사한
ethyl (Z)-linoleate,과일향,은은하고 윤기나는
isobutyl benzoate,발삼향,달콤하고 프루티한
prune glycidate,라즈베리향,프루티한
(E)-2-nonen-1-ol,제비꽃향,매끈하고 초록빛
curled parsley herb oil,허브향,
triplal / ethyl anthranilate schiff's base,나무껍질향,상쾌하고 초록빛
ethyl 2-methyl-2-pentenoate,럼향,달콤한 베리 같은
nonisyl acetate,오리스향,달콤하고 우디한
octyl phenyl acetate,오렌지향,흙내 나는 뿌리 같은
juniper berry oil terpeneless,발삼향,상쾌하고 흙내 나는
laevo-menthyl lactate,은은한,
orange leaf absolute,쁘띠그레인향,화사하고 초록빛
mandarin oil (citrus reticulata nova var. mandarin) uruguay,귤향,
decyl methyl ether,상쾌한,
(Z)-3-hexen-1-yl butyrate,사과향,상쾌하고 초록빛
veramoss (IFF),이끼향,우디하고 약용의
neryl formate,장미향,초록빛 허벌한
rose acetate,장미향,묵직하고 화사한
ethyl 2-hexenoate,럼향,프루티하고 초록빛
methyl laurate,비누향,매끈하고 크리미한
2-nonyn-1-al dimethyl acetal,제비꽃향,상쾌하고 초록빛
methyl myristate,꽃잎향,부드럽고 매끈한
hemlock western oil (tsuga heterophylla) canada,시더향,발사믹하고 우디한
hexyl isobutyrate,사과향,초록빛 프루티한
phenethyl tiglate,장미향,초록빛 달콤한
phytol,발삼향,섬세하고 화사한
methyl (E)-2-octenoate,배향,달콤하고 프루티한
muguet carbinol,장미향,깨끗하고 초록빛
isodecanal,장미향,달콤하고 화사한
zdravetz oil,클라리세이지향,달콤하고 우디한
vanillylidene acetone,바닐라향,달콤하고 파우더리한
ethyl 3-methyl valerate,파인애플향,프루티한
vanillyl acetate,바닐라향,달콤하고 크리미한
(-)-isopulegol,민트향,시원하고 약용의
woody furan,앰버향,드라이하고 메마른
3-ethyl pyridine,담배잎향,
ethyl myristate,제비꽃향,달콤하고 매끈한
"1-oxaspiro-4,7-dodecane",인돌향,우디한
para-vanillic acid,바닐라향,밀키하고 크리미한
methyl isovalerate,파인애플향,프루티한 사과 같은
phenyl glycol diacetate,치자꽃향,
tuberose absolute (from concrete),인동꽃향,화사하고 달콤한
citronellyl propionate,네롤리향,화사하고 초록빛
(E)-3-nonen-1-ol,멜론향,초록빛 매끈한
hexyl hexanoate,채소향,허벌하고 상쾌한
citral diethyl acetal,레몬향,초록빛 상쾌한
2-methyl-3-propyl pyrazine,견과향,
isoamyl butyrate,살구향,프루티하고 초록빛
fleuramone (IFF),복숭아향,상쾌하고 프루티한
(R)-1-octen-3-ol,버섯향,상쾌하고 프루티한
dihydrocarvyl acetate,장미향,화사하고 달콤한
"1,2,3,4-tetrahydroquinoline",꿀향,약용의
(E)-2-decen-1-yl acetate,밀랍향,부드러운
methyl cyclocitrone (IFF),풀잎향,화사하고 흙내 나는
dextro-linalool,쁘띠그레인향,달콤하고 화사한
anthemis nobilis flower oil roman,코냑향,달콤하고 허벌한
frankincense gum,나무향,고풍스러운 상쾌한
perillyl acetate,과일향,프루티하고 말린
4-methoxy-2-methyl butane thiol,커런트향,유황빛 검은
gingergrass oil,풀잎향,부드럽고 달콤한
pineapple hydroxyhexanoate,파인애플향,달콤하고 우디한
methyl 10-undecenoate,장미향,부드럽고 매끈한
isoamyl benzoate,발사믹향,달콤하고 초록빛
(Z)-6-nonenal dimethyl acetal,멜론향,프루티하고 초록빛
hexyl pivalate,꽃향,달콤하고 부드러운
heliotropin,헬리오트로프향,달콤하고 파우더리한
spicy acetoacetate,베리향,달콤하고 프루티한
fruity cyclopentanone,복숭아향,프루티하고 크리미한
galbascone (IFF),갈바눔향,상쾌하고 초록빛
(E)-ethyl tiglate,베리향,달콤하고 프루티한
(Z)-3-octen-1-yl propionate,배향,프루티하고 초록빛
alpha-terpinyl acetate,베르가못향,허벌하고 시트러스
aldehydic nitrile,레몬향,시트러스 세련된
octyl isobutyrate,비누향,윤기나는 초록빛
vetiver pentanone,베티버향,화사하고 우디한
isocyclogeraniol (IFF),향신료향,화사하고 허벌한
N/i-tridecanal,허브향,세련되고 깨끗한
cyclohexadecanone,머스크향,파우더리한
2-methoxy-4-vinyl phenol,정향향,달콤하고 스파이시한
octanal glycol acetal,오렌지향,상쾌하고 시트러스
ethyl heptanoate,코냑향,프루티한 파인애플 같은
octyl octanoate,코코넛향,윤기나는 프루티한
"2,4-dimethyl cyclohexyl methyl acetate",나무껍질향,화사하고 우디한
isopropenyl pyrazine,초콜릿향,카라멜릭하고 고소한
musk gx 50% in BB,머스크향,달콤하고 화사한
delta-tetradecalactone,밀랍향,크리미하고 버터리한
methyl beta-ionyl acetate,라즈베리향,
geranium cyclohexane,장미향,프루티한 제라늄 같은
herbal heptane,나뭇잎향,허벌하고 초록빛
2-methyl butyric acid,치즈향,톡쏘는
apple ketal,사과향,달콤하고 프루티한
cyclohexyl isovalerate,바나나향,프루티한 사과 같은
alpha-methylene citronellal,쁘띠그레인향,시트러스 상쾌한
decyl propionate,럼향,프루티하고 부드러운
ortho-dimethyl hydroquinone,바닐라향,달콤하고 크리미한
ethyl salicylate,민트향,달콤하고 화사한
cornmint oil,페퍼민트향,시원하고 멘톨릭한
isolongifolene epoxide,나무향,드라이하고 시트러스
acetaldehyde hexyl isoamyl acetal,사과향,달콤하고 프루티한
tridecanal,비누향,상쾌하고 세련된
rosemary oil france,로즈마리향,허벌한
isopropyl 2-methyl butyrate,코코넛향,프루티하고 초록빛
ethyl vanillin propylene glycol acetal,바닐라향,달콤하고 크리미한
musk methyl ketone,앰버향,드라이하고 달콤한
clary propionate,클라리세이지향,화사하고 자연스러운
chrysanthemum ketone,국화향,허벌하고 화사한
propyl formate,럼향,달콤하고 몽환적인
geranium pyran,제라늄향,화사하고 초록빛
red thyme oil india,허브향,스파이시하고 약용의
patchouli cyclohexanol,베티버향,상쾌하고 흙내 나는
2-phenoxyethyl formate,시나몬향,발사믹하고 파우더리한
geranyl ethyl ether,과일향,몽환적이고 초록빛
isoeugenyl ethyl acetal,카네이션향,달콤하고 화사한
hydroxycitronellal diethyl acetal,백합향,섬세하고 초록빛
octyl oxyacetaldehyde,풀잎향,화사하고 달콤한
(E)-filbertone,헤이즐넛향,고소한
floral nitrile,향,아니시하고 허벌한 비 온 뒤
phenethyl cinnamate,발삼향,풍부하고 묵직한
myrrh absolute,앰버향,발사믹하고 우디한
dihydrogeranyl linalool,발삼향,화사한
diethyl succinate,사과향,은은하고 프루티한
pepper hexanone,장미향,깊고 알싸한
allspice leaf oil,정향향,달콤하고 스파이시한
glycoacetal,장미향,화사하고 초록빛
methyl isobutyrate,사과향,프루티하고 화사한
geranic acid,풀잎향,드라이하고 우디한
coconut decanone methyl,코코넛향,크리미하고 트로피컬한
(Z)-4-decen-1-yl acetate,오렌지향,윤기나는 프루티한
citronellyl cinnamate,장미향,달콤하고 붉은
methyl isoeugenol,정향향,스파이시하고 우디한
musk dec-8-enone,머스크향,깨끗하고 드라이한
dimethyl benzyl carbinyl butyrate,자두향,화사하고 초록빛
methyl 2-methyl butyrate,사과향,몽환적이고 프루티한
(E)-2-dodecenal,귤향,시트러스 매끈한
3-phenyl propyl cinnamate,발삼향,달콤하고 스파이시한
diethyl dimethyl-2-cyclohexenone,국화향,드라이하고 우디한
ethyl 2-octenoate,파인애플향,프루티하고 초록빛
dihydro-beta-ionone,오리스향,흙내 나는 우디한
2-tridecenal,껍질향,매끈하고 시트러스
laevo-linalool,라벤더향,상쾌하고 화사한
anise indene,아니스향,화사하고 프루티한
(Z)-7-decenal,오이향,시트러스 세련된
ethyl chrysanthemate,와인향,허벌하고 프루티한
3-(methyl thio) hexanol,채소향,유황빛 초록빛
cyclotene,카라멜향,달콤하고 우디한
tangerine oil america,오렌지향,시트러스 세련된
4-isopropyl-2-cyclohexenone,향신료향,우디하고 허벌한
(E)-anethol,감초향,달콤한 아니스 같은
amber butanol,앰버향,우디한
isobutyl cinnamate,발삼향,달콤하고 프루티한
"(E+Z)-4,8-dimethyl-3,7-nonadien-2-one",꽃향,프루티한
cassis buteneone,장미향,프루티하고 달콤한
octane nitrile,풀잎향,부드럽고 세련된
2-cyclopentyl cyclopentanone,과일향,초록빛 시원한
clary sage oil france,차향,상쾌하고 허벌한
elettaria cardamomum seed oil guatemala,장뇌향,따뜻하고 스파이시한
(Z)-leaf acetal,제비꽃향,초록빛 자연스러운
dihydroterpinyl acetate,소나무향,시트러스 우디한
ocimum basilicum herb oil vietnam,아니스향,허벌하고 초록빛
(E)-para-methoxycinnamaldehyde,시나몬향,스파이시하고 화사한
bark carbaldehyde,풀잎향,상쾌하고 윤기나는
petitgrain oil,클라리세이지향,화사하고 시트러스
woody carboxylate,나무향,드라이하고 깨끗한
nonanal / methyl anthranilate schiff's base,장미향,달콤하고 화사한
tea acetate,히아신스향,상쾌하고 화사한
isobutyl angelate,캐러웨이향,허벌하고 초록빛
hexyl heptanoate,초목향,초록빛
propyl 2-methyl butyrate,사과향,와이니하고 프루티한
isogreen methanoindene,치자꽃향,초록빛 윤기나는
"(E,E)-piperine",후추향,
lemon oil folded california,레몬향,달콤하고 상쾌한
butyl undecylenate,버터향,부드럽고 화사한
phenethyl butyrate,딸기향,오래되고 달콤한
raspberry ketone acetate,베리향,
phenoxyacetic acid,새콤한,
siam benzoin absolute,바닐라향,달콤하고 우디한
woody ketone,시더잎향,우디하고 허벌한
(E)-13-musk decenone,머스크향,
narcissus acetate,장미향,깊고 초록빛
vanillyl butyl ether,바닐라향,프루티한
methyl ethyl ketone,장뇌향,몽환적이고 프루티한
alpha-amyl cinnamaldehyde dimethyl acetal,백합향,초록빛 자스민 같은
phenethyl formate,장미향,초록빛 허벌한
cyclohexyl carboxylic acid,치즈향,프루티하고 트로피컬한
butyl hexanoate,파인애플향,프루티하고 촉촉한
ethyl 2-benzyl butyrate,풀잎향,화사하고 프루티한
tagette carboxylate,국화향,자연스러운 달콤한
sage oil france,유칼립투스향,
thyme undecane,타임향,상쾌하고 허벌한
dodecane nitrile,오렌지향,드라이하고 시트러스
hexenyl cyclopentanone,자스민향,윤기나는 밀키한
juniper needle oil,전나무향,우디하고 스파이시한
tiglaldehyde,풀잎향,톡쏘는 몽환적인
cyclohexyl crotonate,과일향,달콤하고 화사한
1-penten-3-ol,국화향,몽환적이고 초록빛
tuberolide,튜베로즈향,매끈하고 크리미한
cyclohexyl anthranilate,오렌지향,은은한 네롤리 같은
cedarwood oil white,시더향,우디하고 향긋한
hexyl tiglate,풀잎향,상쾌하고 자연스러운
methyl nonane dione,카라멜향,프루티하고 그을린
(E)-cinnamyl nitrile,커민향,깊은 시나몬 같은
"2,4,5-trimethyl thiazole",채소향,오래되고 고소한
allyl amyl glycolate,갈바눔향,프루티하고 초록빛
alpha-ionyl acetate,제비꽃향,달콤하고 우디한
3-octen-2-ol,버섯향,크리미하고 매끈한
isobutyl acetate,바나나향,달콤하고 프루티한
lemongrass oil guatemala,토마토향,초록빛 세련된
yarrow oil,차향,허벌하고 초록빛
dimethyl benzyl carbinol,장미향,깨끗하고 화사한
cinnamyl propionate,발삼향,달콤하고 스파이시한
leather cyclohexanol,가죽향,붉고 초록빛
menthyl acetate,차향,시원하고 프루티한
strawberry furanone acetate,카라멜향,달콤하고 트로피컬한
satinaldehyde,시클라멘향,상쾌하고 드라이한
ortho-methyl acetophenone,산사나무꽃향,달콤하고 파우더리한
2-heptyl furan,풀잎향,부드럽고 윤기나는
cinnamyl nitrile,시나몬향,스파이시한
tricyclodecyl acetate,바질향,허벌하고 초록빛
intreleven aldehyde (IFF),바다향,세련되고 화사한
rhodinyl isobutyrate,장미향,달콤하고 자연스러운
2-isobutyl quinoline,뿌리향,우디한 가죽 같은
phenethyl acetal,나무껍질향,초록빛 상쾌한
4-phenyl-2-butyl acetate,과일향,초록빛
dihexyl (E)-fumarate,목련향,상쾌하고 화사한
alloocimene,견과향,달콤하고 화사한
citral propylene glycol acetal,레몬향,달콤하고 시트러스
para-methyl tetrahydroquinoline,가죽향,
tolu balsam absolute,발삼향,달콤하고 우디한
cyclohexyl butyrate,사과향,프루티하고 화사한
4-carvomenthenol,후추향,우디하고 오래된
origanum majorana oil,차향,스파이시하고 허벌한
methyl jasmonate,자스민향,윤기나는 초록빛
jasmin pyranone,복숭아향,크리미하고 프루티한
tetrahydrofurfuryl butyrate,살구향,프루티하고 초록빛
(E)-2-hexen-1-yl propionate,사과향,초록빛 프루티한
mastic absolute,발삼향,은은하고 초록빛
isodihydrolavandulal,라벤더향,허벌하고 우디한
decanal propylene glycol acetal,풀잎향,화사하고 허벌한
muguet carbaldehyde,백합향,상쾌하고 달콤한
(E)-2-hexen-1-yl isovalerate,사과향,초록빛 매끈한
ortho-cresyl acetate,과일향,약용의 달콤한
ozone propanal,향,깨끗하고 초록빛 비 온 뒤
clove oil terpenes,정향향,상쾌하고 달콤한
linalool oxide,꽃향,허벌하고 흙내 나는
acetophenone,산사나무꽃향,달콤하고 톡쏘는
rosa damascena flower oil,장미향,화사하고 스파이시한
geranium nitrile,장미향,풍부하고 우디한
dihydro-alpha-ionone,베리향,우디하고 화사한
propiophenone,산사나무꽃향,화사하고 향긋한
hexyl octanoate,베리향,프루티하고 초록빛
white cognac oil,포도향,와이니하고 발효된
bean pyrazine,초콜릿향,흙내 나는 고소한
amyl cyclopentanone propanone,자스민향,화사한 목련 같은
melon acetal,건초향,초록빛 버섯 같은
ethyl hexanoate,파인애플향,달콤하고 프루티한
isoeugenyl phenyl acetate,향신료향,달콤하고 화사한
nonyl acetate,밀랍향,깨끗하고 초록빛
undecanoic acid,치즈향,매끈하고 크리미한
(E)-2-hexen-1-yl salicylate,풀잎향,우디하고 화사한
guaiyl butyrate,장미향,발사믹하고 우디한
9-decenoic acid,비누향,매끈하고 초록빛
(Z)-4-decen-1-ol,밀랍향,부드럽고 프루티한
S-(methyl thio) butyrate,치즈향,유황빛
nutmeg oil terpeneless,넛맥향,스파이시한
S-sec-butyl thioisovalerate,갈바눔향,스파이시하고 초록빛
ketoisophorone,차향,오래되고 우디한
methyl undecylenate,장미향,흙내 나는 부드러운
mimosa absolute france,풀잎향,화사하고 초록빛
curled parsley leaf oil,풀잎향,상쾌하고 허벌한
spearmint oil terpenes,스피어민트향,시원한
menthyl acetate racemic,차향,시원하고 프루티한
2-ethyl-3-methoxypyrazine,후추향,흙내 나는 고소한
spirogalbanone (Givaudan),갈바눔향,초록빛 프루티한
allyl benzoate,체리향,달콤하고 화사한
musk dodecane,머스크향,드라이하고 깨끗한
prenol,라벤더향,프루티하고 초록빛
tonka furanone,통카향,
para-cymene,향신료향,상쾌하고 시트러스
decanal dimethyl acetal,네롤리향,매끈하고 허벌한
1-phenyl propyl butyrate,자스민향,프루티하고 화사한
violet propanol,제비꽃향,우디하고 화사한
(E)-tiglaldehyde,과일향,초록빛
coriander oleoresin,장미향,상쾌하고 화사한
(Z)-4-decenal diethyl acetal,오렌지향,쌉쌀한
S-tropical 2-thiobutyrate,열대과일향,유황빛 달콤한
isobornyl isovalerate,소나무향,우디하고 드라이한
isobutyl butyrate,파인애플향,달콤하고 프루티한
orris hexanone,오리스향,우디하고 드라이한
apium graveolens seed oil,허브향,상쾌하고 초록빛
beta-caryophyllene alcohol acetate,앰버향,우디하고 드라이한
2-methyl-2-pentenoic acid,딸기향,드라이하고 우디한
ivy dioxolane,나무껍질향,화사하고 초록빛
woody acetate,시더향,우디하고 화사한
green acetate,사과향,프루티하고 우디한
butyl benzoate,앰버향,은은하고 프루티한
alpha-isopropyl phenyl acetaldehyde,풀잎향,프루티한
ethyl anthranilate,포도향,달콤하고 화사한
phenethyl acetate,장미향,화사하고 달콤한
styrax absolute (liquidambar styraciflua),발사믹향,
beta-naphthyl methyl ether,오렌지향,달콤하고 화사한
(Z)-rose oxide,장미향,초록빛 붉은
benzyl octanoate,복숭아향,허벌하고 부드러운
butyl lactate,사과향,초록빛 프루티한
cinnamyl formate,발삼향,프루티하고 화사한
3-phenyl propyl isovalerate,라즈베리향,프루티한 딸기 같은
dewy propionate,장미향,상쾌하고 매끈한
juniper muscone,머스크향,달콤하고 파우더리한
citronellal oxime,라임향,시트러스 베르가못 같은
menthone lactone,메이플향,
spruce needle absolute,전나무향,우디하고 발사믹한
geranium oil egypt,장미향,상쾌하고 달콤한
thymyl methyl ether,나무향,스모키하고 그을린
citronellyl ethoxalate,백합향,달콤하고 세련된
palmarosa oil,풀잎향,달콤하고 화사한
glyceryl 5-hydroxydodecanoate,복숭아향,상쾌하고 프루티한
phenoxyethyl propionate,건초향,프루티한 라벤더 같은
ho wood oil,나무향,달콤하고 화사한
1-furfuryl pyrrole,커피향,초록빛 매끈한
methyl nicotinate,담배잎향,따뜻하고 허벌한
sage oil england,유칼립투스향,
dimethyl benzyl carbinyl formate,백합향,드라이하고 허벌한
cuminyl nitrile,커민향,스파이시하고 드라이한
vetiveria zizanioides root oil,뿌리향,우디하고 흙내 나는
decanoic acid,시트러스향,새콤하고 부드러운
acetaldehyde citronellyl methyl acetal,레몬향,시트러스 자연스러운
4-methyl-4-phenyl pentanone,꿀향,초록빛 달콤한
"(E,Z)-2,6-nonadien-1-yl acetate",풀잎향,싱그러운 부드러운
ethyl (E)-2-decenoate,멜론향,초록빛 세련된
isomethyl tetrahydroionyl acetate,베티버향,우디하고 파우더리한
marjoram oil (thymus mastichina) spain,유칼립투스향,상쾌하고 달콤한
6-methyl quinoline,가죽향,
cedryl formate,앰버향,
(E)-beta-ionone,오리스향,드라이하고 파우더리한
2-decalinyl acetate,나무향,화사하고 프루티한
3-hexenyl 2-methyl butyrate,사과향,상쾌하고 초록빛
isobutyl-3-(methyl thio) butyrate,딸기향,톡쏘는 드라이한
beta-ionone,베리향,화사하고 우디한
mimosa absolute,풀잎향,화사하고 초록빛
3-hexanone,럼향,달콤하고 프루티한
tetrahydrocitral,레몬향,시트러스 초록빛
delta-2-dodecenolactone,코코넛향,크리미한
(E)-2-octenal,오이향,상쾌하고 부드러운
manzanate (Givaudan),멜론향,상쾌하고 프루티한
sweet orange peel oil c.p. italy,오렌지향,시트러스
carnation concrete,카네이션향,화사하고 스파이시한
boronia butenal,담배잎향,드라이하고 달콤한
alpha-terpinene,레몬향,우디하고 허벌한
"2,3,5,6-tetramethyl pyrazine",초콜릿향,고소하고 오래된
amyl isoeugenol,발삼향,달콤하고 화사한
geranyl acetone,장미향,상쾌하고 화사한
mastic oil,발삼향,상쾌한
fruity butanate,복숭아향,프루티하고 초록빛
dodecanal dimethyl acetal,난초향,은은하고 상쾌한
floral methanol,가죽향,화사하고 시원한
4-hydroxybenzyl alcohol,아몬드향,프루티하고 쌉쌀한
alpha-isomethyl ionol,베티버향,우디한
black pepper oil madagascar,후추향,따뜻하고 스파이시한
1-undecanol,장미향,상쾌하고 매끈한
sandal pentenol,머스크향,우디한 샌달우드 같은
propyl propionate,파인애플향,날카로운 달콤한
lavandin oil,라벤더향,화사하고 허벌한
2-dodecanone,오렌지향,프루티하고 시트러스
2-octanone,흙향,자연스러운 우디한
ethyl isovalerate,사과향,프루티하고 달콤한
allyl cyclohexyl acetate,파인애플향,달콤하고 무르익은
sage oil (salvia lavandulifolia vahl.) spain,유칼립투스향,허벌하고 캄포릭한
rhodinyl phenyl acetate,장미향,화사하고 붉은
herbal norbornane,파촐리향,달콤하고 상쾌한
geranyl methyl ether,장미향,달콤한
carvacryl methyl ether,허브향,스파이시하고 싱그러운
nutty pyrazine,땅콩향,흙내 나는 로스팅된
citrus carbaldehyde / methyl anthranilate schiff's base,히아신스향,상쾌하고 초록빛
methyl hydrocinnamate,꿀향,프루티하고 화사한
undecanal propylene glycol acetal,꽃향,달콤하고 부드러운
isoeugenyl formate,오리스향,초록빛 달콤한
2-ethyl butyl acetate,바나나향,몽환적이고 달콤한
(E)-cinnamyl butyrate,발삼향,부드럽고 프루티한
spearmint oil terpeneless,스피어민트향,달콤한
mimosa heptanal,헬리오트로프향,화사하고 트로피컬한
geranyl crotonate,카라멜향,달콤하고 프루티한
